<?xml version="1.0"?>
<!--
######################################################################
# Copyright (c) 2001-2005 Kalamazoo Community Mental Health Services,
#   John Holland <jholland@kazoocmh.org> <john@zoner.org>
# All rights reserved.
#
# This software is licensed as described in the file LICENSE.txt, which
# you should have received as part of this distribution.
#
######################################################################

#    $Id: 276.4010.X093.A1.xml 1055 2007-04-25 20:00:25Z johnholland $
-->
<transaction xid="276">
  <name>HIPAA Health Care Claim Status Request X093A1-276</name>
  <loop xid="ISA_LOOP" type="explicit">
    <name>Interchange Control Header</name>
    <usage>R</usage>
    <pos>001</pos>
    <repeat>&gt;1</repeat>
    <segment xid="ISA">
      <name>Interchange Control Header</name>
      <usage>R</usage>
      <pos>010</pos>
      <max_use>1</max_use>
      <element xid="ISA01">
        <data_ele>I01</data_ele>
        <name>Authorization Information Qualifier</name>
        <usage>R</usage>
        <seq>01</seq>
        <valid_codes>
          <code>00</code>
          <code>03</code>
        </valid_codes>
      </element>
      <element xid="ISA02">
        <data_ele>I02</data_ele>
        <name>Authorization Information</name>
        <usage>R</usage>
        <seq>02</seq>
      </element>
      <element xid="ISA03">
        <data_ele>I03</data_ele>
        <name>Security Information Qualifier</name>
        <usage>R</usage>
        <seq>03</seq>
        <valid_codes>
          <code>00</code>
          <code>01</code>
        </valid_codes>
      </element>
      <element xid="ISA04">
        <data_ele>I04</data_ele>
        <name>Security Information</name>
        <usage>R</usage>
        <seq>04</seq>
      </element>
      <element xid="ISA05">
        <data_ele>I05</data_ele>
        <name>Interchange ID Qualifier</name>
        <usage>R</usage>
        <seq>05</seq>
        <valid_codes>
          <code>01</code>
          <code>14</code>
          <code>20</code>
          <code>27</code>
          <code>28</code>
          <code>29</code>
          <code>30</code>
          <code>33</code>
          <code>ZZ</code>
        </valid_codes>
      </element>
      <element xid="ISA06">
        <data_ele>I06</data_ele>
        <name>Interchange Sender ID</name>
        <usage>R</usage>
        <seq>06</seq>
      </element>
      <element xid="ISA07">
        <data_ele>I05</data_ele>
        <name>Interchange ID Qualifier</name>
        <usage>R</usage>
        <seq>07</seq>
        <valid_codes>
          <code>01</code>
          <code>14</code>
          <code>20</code>
          <code>27</code>
          <code>28</code>
          <code>29</code>
          <code>30</code>
          <code>33</code>
          <code>ZZ</code>
        </valid_codes>
      </element>
      <element xid="ISA08">
        <data_ele>I07</data_ele>
        <name>Interchange Receiver ID</name>
        <usage>R</usage>
        <seq>08</seq>
      </element>
      <element xid="ISA09">
        <data_ele>I08</data_ele>
        <name>Interchange Date</name>
        <usage>R</usage>
        <seq>09</seq>
        <valid_codes/>
      </element>
      <element xid="ISA10">
        <data_ele>I09</data_ele>
        <name>Interchange Time</name>
        <usage>R</usage>
        <seq>10</seq>
        <valid_codes/>
      </element>
      <element xid="ISA11">
        <data_ele>I10</data_ele>
        <name>Interchange Control Standards Identifier</name>
        <usage>R</usage>
        <seq>11</seq>
        <valid_codes>
          <code>U</code>
        </valid_codes>
      </element>
      <element xid="ISA12">
        <data_ele>I11</data_ele>
        <name>Interchange Control Version Number</name>
        <usage>R</usage>
        <seq>12</seq>
        <valid_codes>
          <code>00401</code>
        </valid_codes>
      </element>
      <element xid="ISA13">
        <data_ele>I12</data_ele>
        <name>Interchange Control Number</name>
        <usage>R</usage>
        <seq>13</seq>
      </element>
      <element xid="ISA14">
        <data_ele>I13</data_ele>
        <name>Acknowledgment Requested</name>
        <usage>R</usage>
        <seq>14</seq>
        <valid_codes>
          <code>0</code>
          <code>1</code>
        </valid_codes>
      </element>
      <element xid="ISA15">
        <data_ele>I14</data_ele>
        <name>Usage Indicator</name>
        <usage>R</usage>
        <seq>15</seq>
        <valid_codes>
          <code>P</code>
          <code>T</code>
        </valid_codes>
      </element>
      <element xid="ISA16">
        <data_ele>I15</data_ele>
        <name>Component Element Separator</name>
        <usage>R</usage>
        <seq>16</seq>
      </element>
    </segment>
<!--End of ISA segment-->
    <loop xid="GS_LOOP" type="explicit">
      <name>Functional Group Header</name>
      <usage>R</usage>
      <pos>020</pos>
      <repeat>&gt;1</repeat>
      <segment xid="GS">
        <name>Functional Group Header</name>
        <usage>R</usage>
        <pos>010</pos>
        <max_use>1</max_use>
        <element xid="GS01">
          <data_ele>479</data_ele>
          <name>Functional Identifier Code</name>
          <usage>R</usage>
          <seq>01</seq>
          <valid_codes>
            <code>HN</code>
            <code>HR</code>
          </valid_codes>
        </element>
        <element xid="GS02">
          <data_ele>142</data_ele>
          <name>Application Sender's Code</name>
          <usage>R</usage>
          <seq>02</seq>
        </element>
        <element xid="GS03">
          <data_ele>124</data_ele>
          <name>Application Receiver's Code</name>
          <usage>R</usage>
          <seq>03</seq>
        </element>
        <element xid="GS04">
          <data_ele>373</data_ele>
          <name>Date</name>
          <usage>R</usage>
          <seq>04</seq>
          <valid_codes/>
        </element>
        <element xid="GS05">
          <data_ele>337</data_ele>
          <name>Time</name>
          <usage>R</usage>
          <seq>05</seq>
          <valid_codes/>
        </element>
        <element xid="GS06">
          <data_ele>28</data_ele>
          <name>Group Control Number</name>
          <usage>R</usage>
          <seq>06</seq>
        </element>
        <element xid="GS07">
          <data_ele>455</data_ele>
          <name>Responsible Agency Code</name>
          <usage>R</usage>
          <seq>07</seq>
          <valid_codes>
            <code>X</code>
          </valid_codes>
        </element>
        <element xid="GS08">
          <data_ele>480</data_ele>
          <name>Version / Release / Industry Identifier Code</name>
          <usage>R</usage>
          <seq>08</seq>
          <valid_codes>
            <code>004010X093A1</code>
          </valid_codes>
        </element>
      </segment>
<!--End of GS segment-->
      <loop xid="ST_LOOP" type="explicit">
        <name>Transaction Set Header</name>
        <usage>R</usage>
        <pos>020</pos>
        <repeat>&gt;1</repeat>
        <segment xid="ST">
          <name>Transaction Set Header</name>
          <usage>R</usage>
          <pos>010</pos>
          <max_use>1</max_use>
          <element xid="ST01">
            <data_ele>143</data_ele>
            <name>Transaction Set Identifier Code</name>
            <usage>R</usage>
            <seq>01</seq>
            <valid_codes>
              <code>276</code>
            </valid_codes>
          </element>
          <element xid="ST02">
            <data_ele>329</data_ele>
            <name>Transaction Set Control Number</name>
            <usage>R</usage>
            <seq>02</seq>
          </element>
        </segment>
<!--End of ST segment-->
        <loop xid="HEADER" type="wrapper">
          <name>Table 1 - Header</name>
          <usage>R</usage>
          <pos>015</pos>
          <repeat>1</repeat>
          <segment xid="BHT">
            <name>Beginning of Hierarchical Transaction</name>
            <usage>R</usage>
            <pos>020</pos>
            <max_use>1</max_use>
            <element xid="BHT01">
              <data_ele>1005</data_ele>
              <name>Hierarchical Structure Code</name>
              <usage>R</usage>
              <seq>01</seq>
              <valid_codes>
                <code>0010</code>
              </valid_codes>
            </element>
            <element xid="BHT02">
              <data_ele>353</data_ele>
              <name>Transaction Set Purpose Code</name>
              <usage>R</usage>
              <seq>02</seq>
              <valid_codes>
                <code>13</code>
              </valid_codes>
            </element>
            <element xid="BHT03">
              <data_ele>127</data_ele>
              <name>Reference Identification</name>
              <usage>N</usage>
              <seq>03</seq>
            </element>
            <element xid="BHT04">
              <data_ele>373</data_ele>
              <name>Transaction Set Creation Date</name>
              <usage>R</usage>
              <seq>04</seq>
              <valid_codes/>
            </element>
            <element xid="BHT05">
              <data_ele>337</data_ele>
              <name>Time</name>
              <usage>N</usage>
              <seq>05</seq>
            </element>
            <element xid="BHT06">
              <data_ele>640</data_ele>
              <name>Transaction Type Code</name>
              <usage>N</usage>
              <seq>06</seq>
            </element>
          </segment>
<!--End of BHT segment-->
        </loop>
<!--End of HEADER loop-->
        <loop xid="DETAIL" type="wrapper">
          <name>Table 2 - Detail</name>
          <usage>S</usage>
          <pos>020</pos>
          <repeat>&gt;1</repeat>
          <loop xid="2000A">
            <name>Information Source Level</name>
            <usage>R</usage>
            <pos>010</pos>
            <repeat>&gt;1</repeat>
            <segment xid="HL">
              <name>Information Source Level</name>
              <usage>R</usage>
              <pos>010</pos>
              <max_use>1</max_use>
              <element xid="HL01">
                <data_ele>628</data_ele>
                <name>Hierarchical ID Number</name>
                <usage>R</usage>
                <seq>01</seq>
              </element>
              <element xid="HL02">
                <data_ele>734</data_ele>
                <name>Hierarchical Parent ID Number</name>
                <usage>N</usage>
                <seq>02</seq>
              </element>
              <element xid="HL03">
                <data_ele>735</data_ele>
                <name>Hierarchical Level Code</name>
                <usage>R</usage>
                <seq>03</seq>
                <valid_codes>
                  <code>20</code>
                </valid_codes>
              </element>
              <element xid="HL04">
                <data_ele>736</data_ele>
                <name>Hierarchical Child Code</name>
                <usage>R</usage>
                <seq>04</seq>
                <valid_codes>
                  <code>1</code>
                </valid_codes>
              </element>
            </segment>
<!--End of HL segment-->
            <loop xid="2100A">
              <name>Payer Name</name>
              <usage>R</usage>
              <pos>050</pos>
              <repeat>&gt;1</repeat>
              <segment xid="NM1">
                <name>Payer Name</name>
                <usage>R</usage>
                <pos>050</pos>
                <max_use>1</max_use>
                <element xid="NM101">
                  <data_ele>98</data_ele>
                  <name>Entity Identifier Code</name>
                  <usage>R</usage>
                  <seq>01</seq>
                  <valid_codes>
                    <code>PR</code>
                  </valid_codes>
                </element>
                <element xid="NM102">
                  <data_ele>1065</data_ele>
                  <name>Entity Type Qualifier</name>
                  <usage>R</usage>
                  <seq>02</seq>
                  <valid_codes>
                    <code>2</code>
                  </valid_codes>
                </element>
                <element xid="NM103">
                  <data_ele>1035</data_ele>
                  <name>Payer Name</name>
                  <usage>R</usage>
                  <seq>03</seq>
                </element>
                <element xid="NM104">
                  <data_ele>1036</data_ele>
                  <name>Name First</name>
                  <usage>N</usage>
                  <seq>04</seq>
                </element>
                <element xid="NM105">
                  <data_ele>1037</data_ele>
                  <name>Name Middle</name>
                  <usage>N</usage>
                  <seq>05</seq>
                </element>
                <element xid="NM106">
                  <data_ele>1038</data_ele>
                  <name>Name Prefix</name>
                  <usage>N</usage>
                  <seq>06</seq>
                </element>
                <element xid="NM107">
                  <data_ele>1039</data_ele>
                  <name>Name Suffix</name>
                  <usage>N</usage>
                  <seq>07</seq>
                </element>
                <element xid="NM108">
                  <data_ele>66</data_ele>
                  <name>Identification Code Qualifier</name>
                  <usage>R</usage>
                  <seq>08</seq>
                  <valid_codes>
                    <code>21</code>
                    <code>AD</code>
                    <code>FI</code>
                    <code>NI</code>
                    <code>PI</code>
                    <code>PP</code>
                    <code>XV</code>
                  </valid_codes>
                </element>
                <element xid="NM109">
                  <data_ele>67</data_ele>
                  <name>Payer Identifier</name>
                  <usage>R</usage>
                  <seq>09</seq>
                </element>
                <element xid="NM110">
                  <data_ele>706</data_ele>
                  <name>Entity Relationship Code</name>
                  <usage>N</usage>
                  <seq>10</seq>
                </element>
                <element xid="NM111">
                  <data_ele>98</data_ele>
                  <name>Entity Identifier Code</name>
                  <usage>N</usage>
                  <seq>11</seq>
                </element>
              </segment>
<!--End of NM1 segment-->
              <segment xid="PER">
                <name>Payer Contact Information</name>
                <usage>S</usage>
                <pos>080</pos>
                <max_use>1</max_use>
                <element xid="PER01">
                  <data_ele>366</data_ele>
                  <name>Contact Function Code</name>
                  <usage>R</usage>
                  <seq>01</seq>
                  <valid_codes>
                    <code>IC</code>
                  </valid_codes>
                </element>
                <element xid="PER02">
                  <data_ele>93</data_ele>
                  <name>Payer Contact Name</name>
                  <usage>S</usage>
                  <seq>02</seq>
                </element>
                <element xid="PER03">
                  <data_ele>365</data_ele>
                  <name>Communication Number Qualifier</name>
                  <usage>R</usage>
                  <seq>03</seq>
                  <valid_codes>
                    <code>ED</code>
                    <code>EM</code>
                    <code>TE</code>
                  </valid_codes>
                </element>
                <element xid="PER04">
                  <data_ele>364</data_ele>
                  <name>Payer Contact Communication Number</name>
                  <usage>R</usage>
                  <seq>04</seq>
                </element>
                <element xid="PER05">
                  <data_ele>365</data_ele>
                  <name>Communication Number Qualifier</name>
                  <usage>S</usage>
                  <seq>05</seq>
                  <valid_codes>
                    <code>EX</code>
                  </valid_codes>
                </element>
                <element xid="PER06">
                  <data_ele>364</data_ele>
                  <name>Communication Number</name>
                  <usage>S</usage>
                  <seq>06</seq>
                </element>
                <element xid="PER07">
                  <data_ele>365</data_ele>
                  <name>Communication Number Qualifier</name>
                  <usage>S</usage>
                  <seq>07</seq>
                  <valid_codes>
                    <code>EX</code>
                    <code>FX</code>
                  </valid_codes>
                </element>
                <element xid="PER08">
                  <data_ele>364</data_ele>
                  <name>Payer Contact Communication Number</name>
                  <usage>S</usage>
                  <seq>08</seq>
                </element>
                <element xid="PER09">
                  <data_ele>443</data_ele>
                  <name>Contact Inquiry Reference</name>
                  <usage>N</usage>
                  <seq>09</seq>
                </element>
              </segment>
<!--End of PER segment-->
            </loop>
<!--End of 2100A loop-->
            <loop xid="2000B">
              <name>Information Receiver Level</name>
              <usage>R</usage>
              <pos>060</pos>
              <repeat>&gt;1</repeat>
              <segment xid="HL">
                <name>Information Receiver Level</name>
                <usage>R</usage>
                <pos>010</pos>
                <max_use>1</max_use>
                <element xid="HL01">
                  <data_ele>628</data_ele>
                  <name>Hierarchical ID Number</name>
                  <usage>R</usage>
                  <seq>01</seq>
                </element>
                <element xid="HL02">
                  <data_ele>734</data_ele>
                  <name>Hierarchical Parent ID Number</name>
                  <usage>R</usage>
                  <seq>02</seq>
                </element>
                <element xid="HL03">
                  <data_ele>735</data_ele>
                  <name>Hierarchical Level Code</name>
                  <usage>R</usage>
                  <seq>03</seq>
                  <valid_codes>
                    <code>21</code>
                  </valid_codes>
                </element>
                <element xid="HL04">
                  <data_ele>736</data_ele>
                  <name>Hierarchical Child Code</name>
                  <usage>R</usage>
                  <seq>04</seq>
                  <valid_codes>
                    <code>1</code>
                  </valid_codes>
                </element>
              </segment>
<!--End of HL segment-->
              <loop xid="2100B">
                <name>Information Receiver Name</name>
                <usage>R</usage>
                <pos>050</pos>
                <repeat>&gt;1</repeat>
                <segment xid="NM1">
                  <name>Information Receiver Name</name>
                  <usage>R</usage>
                  <pos>050</pos>
                  <max_use>1</max_use>
                  <element xid="NM101">
                    <data_ele>98</data_ele>
                    <name>Entity Identifier Code</name>
                    <usage>R</usage>
                    <seq>01</seq>
                    <valid_codes>
                      <code>41</code>
                    </valid_codes>
                  </element>
                  <element xid="NM102">
                    <data_ele>1065</data_ele>
                    <name>Entity Type Qualifier</name>
                    <usage>R</usage>
                    <seq>02</seq>
                    <valid_codes>
                      <code>1</code>
                      <code>2</code>
                    </valid_codes>
                  </element>
                  <element xid="NM103">
                    <data_ele>1035</data_ele>
                    <name>Information Receiver Last or Organization Name</name>
                    <usage>R</usage>
                    <seq>03</seq>
                  </element>
                  <element xid="NM104">
                    <data_ele>1036</data_ele>
                    <name>Information Receiver First Name</name>
                    <usage>S</usage>
                    <seq>04</seq>
                  </element>
                  <element xid="NM105">
                    <data_ele>1037</data_ele>
                    <name>Information Receiver Middle Name</name>
                    <usage>S</usage>
                    <seq>05</seq>
                  </element>
                  <element xid="NM106">
                    <data_ele>1038</data_ele>
                    <name>Name Prefix</name>
                    <usage>N</usage>
                    <seq>06</seq>
                  </element>
                  <element xid="NM107">
                    <data_ele>1039</data_ele>
                    <name>Information Receiver Name Suffix</name>
                    <usage>S</usage>
                    <seq>07</seq>
                  </element>
                  <element xid="NM108">
                    <data_ele>66</data_ele>
                    <name>Identification Code Qualifier</name>
                    <usage>R</usage>
                    <seq>08</seq>
                    <valid_codes>
                      <code>46</code>
                      <code>FI</code>
                      <code>XX</code>
                    </valid_codes>
                  </element>
                  <element xid="NM109">
                    <data_ele>67</data_ele>
                    <name>Information Receiver Identification Number</name>
                    <usage>R</usage>
                    <seq>09</seq>
                  </element>
                  <element xid="NM110">
                    <data_ele>706</data_ele>
                    <name>Entity Relationship Code</name>
                    <usage>N</usage>
                    <seq>10</seq>
                  </element>
                  <element xid="NM111">
                    <data_ele>98</data_ele>
                    <name>Entity Identifier Code</name>
                    <usage>N</usage>
                    <seq>11</seq>
                  </element>
                </segment>
<!--End of NM1 segment-->
              </loop>
<!--End of 2100B loop-->
              <loop xid="2000C">
                <name>Service Provider Level</name>
                <usage>R</usage>
                <pos>060</pos>
                <repeat>&gt;1</repeat>
                <segment xid="HL">
                  <name>Service Provider Level</name>
                  <usage>R</usage>
                  <pos>010</pos>
                  <max_use>1</max_use>
                  <element xid="HL01">
                    <data_ele>628</data_ele>
                    <name>Hierarchical ID Number</name>
                    <usage>R</usage>
                    <seq>01</seq>
                  </element>
                  <element xid="HL02">
                    <data_ele>734</data_ele>
                    <name>Hierarchical Parent ID Number</name>
                    <usage>R</usage>
                    <seq>02</seq>
                  </element>
                  <element xid="HL03">
                    <data_ele>735</data_ele>
                    <name>Hierarchical Level Code</name>
                    <usage>R</usage>
                    <seq>03</seq>
                    <valid_codes>
                      <code>19</code>
                    </valid_codes>
                  </element>
                  <element xid="HL04">
                    <data_ele>736</data_ele>
                    <name>Hierarchical Child Code</name>
                    <usage>R</usage>
                    <seq>04</seq>
                    <valid_codes>
                      <code>1</code>
                    </valid_codes>
                  </element>
                </segment>
<!--End of HL segment-->
                <loop xid="2100C">
                  <name>Provider Name</name>
                  <usage>R</usage>
                  <pos>050</pos>
                  <repeat>&gt;1</repeat>
                  <segment xid="NM1">
                    <name>Provider Name</name>
                    <usage>R</usage>
                    <pos>050</pos>
                    <max_use>1</max_use>
                    <element xid="NM101">
                      <data_ele>98</data_ele>
                      <name>Entity Identifier Code</name>
                      <usage>R</usage>
                      <seq>01</seq>
                      <valid_codes>
                        <code>1P</code>
                      </valid_codes>
                    </element>
                    <element xid="NM102">
                      <data_ele>1065</data_ele>
                      <name>Entity Type Qualifier</name>
                      <usage>R</usage>
                      <seq>02</seq>
                      <valid_codes>
                        <code>1</code>
                        <code>2</code>
                      </valid_codes>
                    </element>
                    <element xid="NM103">
                      <data_ele>1035</data_ele>
                      <name>Provider Last or Organization Name</name>
                      <usage>R</usage>
                      <seq>03</seq>
                    </element>
                    <element xid="NM104">
                      <data_ele>1036</data_ele>
                      <name>Provider First Name</name>
                      <usage>S</usage>
                      <seq>04</seq>
                    </element>
                    <element xid="NM105">
                      <data_ele>1037</data_ele>
                      <name>Provider Middle Name</name>
                      <usage>S</usage>
                      <seq>05</seq>
                    </element>
                    <element xid="NM106">
                      <data_ele>1038</data_ele>
                      <name>Provider Name Prefix</name>
                      <usage>S</usage>
                      <seq>06</seq>
                    </element>
                    <element xid="NM107">
                      <data_ele>1039</data_ele>
                      <name>Provider Name Suffix</name>
                      <usage>S</usage>
                      <seq>07</seq>
                    </element>
                    <element xid="NM108">
                      <data_ele>66</data_ele>
                      <name>Identification Code Qualifier</name>
                      <usage>R</usage>
                      <seq>08</seq>
                      <valid_codes>
                        <code>FI</code>
                        <code>SV</code>
                        <code>XX</code>
                      </valid_codes>
                    </element>
                    <element xid="NM109">
                      <data_ele>67</data_ele>
                      <name>Provider Identifier</name>
                      <usage>R</usage>
                      <seq>09</seq>
                    </element>
                    <element xid="NM110">
                      <data_ele>706</data_ele>
                      <name>Entity Relationship Code</name>
                      <usage>N</usage>
                      <seq>10</seq>
                    </element>
                    <element xid="NM111">
                      <data_ele>98</data_ele>
                      <name>Entity Identifier Code</name>
                      <usage>N</usage>
                      <seq>11</seq>
                    </element>
                  </segment>
<!--End of NM1 segment-->
                </loop>
<!--End of 2100C loop-->
                <loop xid="2000D">
                  <name>Subscriber Level</name>
                  <usage>R</usage>
                  <pos>060</pos>
                  <repeat>&gt;1</repeat>
                  <segment xid="HL">
                    <name>Subscriber Level</name>
                    <usage>R</usage>
                    <pos>010</pos>
                    <max_use>1</max_use>
                    <element xid="HL01">
                      <data_ele>628</data_ele>
                      <name>Hierarchical ID Number</name>
                      <usage>R</usage>
                      <seq>01</seq>
                    </element>
                    <element xid="HL02">
                      <data_ele>734</data_ele>
                      <name>Hierarchical Parent ID Number</name>
                      <usage>R</usage>
                      <seq>02</seq>
                    </element>
                    <element xid="HL03">
                      <data_ele>735</data_ele>
                      <name>Hierarchical Level Code</name>
                      <usage>R</usage>
                      <seq>03</seq>
                      <valid_codes>
                        <code>22</code>
                      </valid_codes>
                    </element>
                    <element xid="HL04">
                      <data_ele>736</data_ele>
                      <name>Hierarchical Child Code</name>
                      <usage>R</usage>
                      <seq>04</seq>
                      <valid_codes>
                        <code>0</code>
                        <code>1</code>
                      </valid_codes>
                    </element>
                  </segment>
<!--End of HL segment-->
                  <segment xid="DMG">
                    <name>Subscriber Demographic Information</name>
                    <usage>S</usage>
                    <pos>040</pos>
                    <max_use>1</max_use>
                    <element xid="DMG01">
                      <data_ele>1250</data_ele>
                      <name>Date Time Period Format Qualifier</name>
                      <usage>R</usage>
                      <seq>01</seq>
                      <valid_codes>
                        <code>D8</code>
                      </valid_codes>
                    </element>
                    <element xid="DMG02">
                      <data_ele>1251</data_ele>
                      <name>Subscriber Birth Date</name>
                      <usage>R</usage>
                      <seq>02</seq>
                    </element>
                    <element xid="DMG03">
                      <data_ele>1068</data_ele>
                      <name>Subscriber Gender Code</name>
                      <usage>R</usage>
                      <seq>03</seq>
                      <valid_codes>
                        <code>F</code>
                        <code>M</code>
                        <code>U</code>
                      </valid_codes>
                    </element>
                    <element xid="DMG04">
                      <data_ele>1067</data_ele>
                      <name>Marital Status Code</name>
                      <usage>N</usage>
                      <seq>04</seq>
                    </element>
                    <element xid="DMG05">
                      <data_ele>1109</data_ele>
                      <name>Race or Ethnicity Code</name>
                      <usage>N</usage>
                      <seq>05</seq>
                    </element>
                    <element xid="DMG06">
                      <data_ele>1066</data_ele>
                      <name>Citizenship Status Code</name>
                      <usage>N</usage>
                      <seq>06</seq>
                    </element>
                    <element xid="DMG07">
                      <data_ele>26</data_ele>
                      <name>Country Code</name>
                      <usage>N</usage>
                      <seq>07</seq>
                    </element>
                    <element xid="DMG08">
                      <data_ele>659</data_ele>
                      <name>Basis of Verification Code</name>
                      <usage>N</usage>
                      <seq>08</seq>
                    </element>
                    <element xid="DMG09">
                      <data_ele>380</data_ele>
                      <name>Quantity</name>
                      <usage>N</usage>
                      <seq>09</seq>
                    </element>
                  </segment>
<!--End of DMG segment-->
                  <loop xid="2100D">
                    <name>Subscriber Name</name>
                    <usage>R</usage>
                    <pos>050</pos>
                    <repeat>1</repeat>
                    <segment xid="NM1">
                      <name>Subscriber Name</name>
                      <usage>R</usage>
                      <pos>050</pos>
                      <max_use>1</max_use>
                      <element xid="NM101">
                        <data_ele>98</data_ele>
                        <name>Entity Identifier Code</name>
                        <usage>R</usage>
                        <seq>01</seq>
                        <valid_codes>
                          <code>IL</code>
                          <code>QC</code>
                        </valid_codes>
                      </element>
                      <element xid="NM102">
                        <data_ele>1065</data_ele>
                        <name>Entity Type Qualifier</name>
                        <usage>R</usage>
                        <seq>02</seq>
                        <valid_codes>
                          <code>1</code>
                          <code>2</code>
                        </valid_codes>
                      </element>
                      <element xid="NM103">
                        <data_ele>1035</data_ele>
                        <name>Subscriber Last Name</name>
                        <usage>R</usage>
                        <seq>03</seq>
                      </element>
                      <element xid="NM104">
                        <data_ele>1036</data_ele>
                        <name>Subscriber First Name</name>
                        <usage>S</usage>
                        <seq>04</seq>
                      </element>
                      <element xid="NM105">
                        <data_ele>1037</data_ele>
                        <name>Subscriber Middle Name</name>
                        <usage>S</usage>
                        <seq>05</seq>
                      </element>
                      <element xid="NM106">
                        <data_ele>1038</data_ele>
                        <name>Subscriber Name Prefix</name>
                        <usage>S</usage>
                        <seq>06</seq>
                      </element>
                      <element xid="NM107">
                        <data_ele>1039</data_ele>
                        <name>Subscriber Name Suffix</name>
                        <usage>S</usage>
                        <seq>07</seq>
                      </element>
                      <element xid="NM108">
                        <data_ele>66</data_ele>
                        <name>Identification Code Qualifier</name>
                        <usage>R</usage>
                        <seq>08</seq>
                        <valid_codes>
                          <code>24</code>
                          <code>MI</code>
                          <code>ZZ</code>
                        </valid_codes>
                      </element>
                      <element xid="NM109">
                        <data_ele>67</data_ele>
                        <name>Subscriber Identifier</name>
                        <usage>R</usage>
                        <seq>09</seq>
                      </element>
                      <element xid="NM110">
                        <data_ele>706</data_ele>
                        <name>Entity Relationship Code</name>
                        <usage>N</usage>
                        <seq>10</seq>
                      </element>
                      <element xid="NM111">
                        <data_ele>98</data_ele>
                        <name>Entity Identifier Code</name>
                        <usage>N</usage>
                        <seq>11</seq>
                      </element>
                    </segment>
<!--End of NM1 segment-->
                  </loop>
<!--End of 2100D loop-->
                  <loop xid="2200D">
                    <name>Claim Submitter Trace Number</name>
                    <usage>S</usage>
                    <pos>090</pos>
                    <repeat>&gt;1</repeat>
                    <segment xid="TRN">
                      <name>Claim Submitter Trace Number</name>
                      <usage>R</usage>
                      <pos>090</pos>
                      <max_use>1</max_use>
                      <element xid="TRN01">
                        <data_ele>481</data_ele>
                        <name>Trace Type Code</name>
                        <usage>R</usage>
                        <seq>01</seq>
                        <valid_codes>
                          <code>1</code>
                        </valid_codes>
                      </element>
                      <element xid="TRN02">
                        <data_ele>127</data_ele>
                        <name>Trace Number</name>
                        <usage>R</usage>
                        <seq>02</seq>
                      </element>
                      <element xid="TRN03">
                        <data_ele>509</data_ele>
                        <name>Originating Company Identifier</name>
                        <usage>N</usage>
                        <seq>03</seq>
                      </element>
                      <element xid="TRN04">
                        <data_ele>127</data_ele>
                        <name>Reference Identification</name>
                        <usage>N</usage>
                        <seq>04</seq>
                      </element>
                    </segment>
<!--End of TRN segment-->
                    <segment xid="REF">
                      <name>Payer Claim Identification Number</name>
                      <usage>S</usage>
                      <pos>100</pos>
                      <max_use>1</max_use>
                      <element xid="REF01">
                        <data_ele>128</data_ele>
                        <name>Reference Identification Qualifier</name>
                        <usage>R</usage>
                        <seq>01</seq>
                        <valid_codes>
                          <code>1K</code>
                        </valid_codes>
                      </element>
                      <element xid="REF02">
                        <data_ele>127</data_ele>
                        <name>Payer Claim Control Number</name>
                        <usage>R</usage>
                        <seq>02</seq>
                      </element>
                      <element xid="REF03">
                        <data_ele>352</data_ele>
                        <name>Description</name>
                        <usage>N</usage>
                        <seq>03</seq>
                      </element>
                      <composite>
                        <data_ele>C040</data_ele>
                        <name>Reference Identifier</name>
                        <usage>N</usage>
                        <seq>04</seq>
                      </composite>
                    </segment>
<!--End of REF segment-->
                    <segment xid="REF">
                      <name>Institutional Bill Type Identification</name>
                      <usage>S</usage>
                      <pos>100</pos>
                      <max_use>1</max_use>
                      <element xid="REF01">
                        <data_ele>128</data_ele>
                        <name>Reference Identification Qualifier</name>
                        <usage>R</usage>
                        <seq>01</seq>
                        <valid_codes>
                          <code>BLT</code>
                        </valid_codes>
                      </element>
                      <element xid="REF02">
                        <data_ele>127</data_ele>
                        <name>Bill Type Identifier</name>
                        <usage>R</usage>
                        <seq>02</seq>
                      </element>
                      <element xid="REF03">
                        <data_ele>352</data_ele>
                        <name>Description</name>
                        <usage>N</usage>
                        <seq>03</seq>
                      </element>
                      <composite>
                        <data_ele>C040</data_ele>
                        <name>Reference Identifier</name>
                        <usage>N</usage>
                        <seq>04</seq>
                      </composite>
                    </segment>
<!--End of REF segment-->
                    <segment xid="REF">
                      <name>Medical Record Identification</name>
                      <usage>S</usage>
                      <pos>100</pos>
                      <max_use>1</max_use>
                      <element xid="REF01">
                        <data_ele>128</data_ele>
                        <name>Reference Identification Qualifier</name>
                        <usage>R</usage>
                        <seq>01</seq>
                        <valid_codes>
                          <code>EA</code>
                        </valid_codes>
                      </element>
                      <element xid="REF02">
                        <data_ele>127</data_ele>
                        <name>Medical Record Number</name>
                        <usage>R</usage>
                        <seq>02</seq>
                      </element>
                      <element xid="REF03">
                        <data_ele>352</data_ele>
                        <name>Description</name>
                        <usage>N</usage>
                        <seq>03</seq>
                      </element>
                      <composite>
                        <data_ele>C040</data_ele>
                        <name>Reference Identifier</name>
                        <usage>N</usage>
                        <seq>04</seq>
                      </composite>
                    </segment>
<!--End of REF segment-->
                    <segment xid="REF">
                      <name>Group Number</name>
                      <usage>S</usage>
                      <pos>100</pos>
                      <max_use>1</max_use>
                      <element xid="REF01">
                        <data_ele>128</data_ele>
                        <name>Reference Identification Qualifier</name>
                        <usage>R</usage>
                        <seq>01</seq>
                        <valid_codes>
                          <code>LU</code>
                        </valid_codes>
                      </element>
                      <element xid="REF02">
                        <data_ele>127</data_ele>
                        <name>Group Number</name>
                        <usage>R</usage>
                        <seq>02</seq>
                      </element>
                      <element xid="REF03">
                        <data_ele>352</data_ele>
                        <name>Description</name>
                        <usage>N</usage>
                        <seq>03</seq>
                      </element>
                      <composite>
                        <data_ele>C040</data_ele>
                        <name>Reference Identifier</name>
                        <usage>N</usage>
                        <seq>04</seq>
                      </composite>
                    </segment>
<!--End of REF segment-->
                    <segment xid="AMT">
                      <name>Claim Submitted Charges</name>
                      <usage>S</usage>
                      <pos>110</pos>
                      <max_use>1</max_use>
                      <element xid="AMT01">
                        <data_ele>522</data_ele>
                        <name>Amount Qualifier Code</name>
                        <usage>R</usage>
                        <seq>01</seq>
                        <valid_codes>
                          <code>T3</code>
                        </valid_codes>
                      </element>
                      <element xid="AMT02">
                        <data_ele>782</data_ele>
                        <name>Total Claim Charge Amount</name>
                        <usage>R</usage>
                        <seq>02</seq>
                      </element>
                      <element xid="AMT03">
                        <data_ele>478</data_ele>
                        <name>Credit/Debit Flag Code</name>
                        <usage>N</usage>
                        <seq>03</seq>
                      </element>
                    </segment>
<!--End of AMT segment-->
                    <segment xid="DTP">
                      <name>Claim Service Date</name>
                      <usage>S</usage>
                      <pos>120</pos>
                      <max_use>1</max_use>
                      <element xid="DTP01">
                        <data_ele>374</data_ele>
                        <name>Date Time Qualifier</name>
                        <usage>R</usage>
                        <seq>01</seq>
                        <valid_codes>
                          <code>232</code>
                        </valid_codes>
                      </element>
                      <element xid="DTP02">
                        <data_ele>1250</data_ele>
                        <name>Date Time Period Format Qualifier</name>
                        <usage>R</usage>
                        <seq>02</seq>
                        <valid_codes>
                          <code>RD8</code>
                        </valid_codes>
                      </element>
                      <element xid="DTP03">
                        <data_ele>1251</data_ele>
                        <name>Claim Service Period</name>
                        <usage>R</usage>
                        <seq>03</seq>
                      </element>
                    </segment>
<!--End of DTP segment-->
                    <loop xid="2210D">
                      <name>Service Line Information</name>
                      <usage>S</usage>
                      <pos>130</pos>
                      <repeat>&gt;1</repeat>
                      <segment xid="SVC">
                        <name>Service Line Information</name>
                        <usage>R</usage>
                        <pos>130</pos>
                        <max_use>1</max_use>
                        <composite>
                          <data_ele>C003</data_ele>
                          <name>Composite Medical Procedure Identifier</name>
                          <usage>R</usage>
                          <seq>01</seq>
                          <element xid="SVC01-01">
                            <data_ele>235</data_ele>
                            <name>Product or Service ID Qualifier</name>
                            <usage>R</usage>
                            <seq>01</seq>
                            <valid_codes>
                              <code>AD</code>
                              <code>CI</code>
                              <code>HC</code>
                              <code>ID</code>
                              <code>IV</code>
                              <code>N1</code>
                              <code>N2</code>
                              <code>N3</code>
                              <code>N4</code>
                              <code>ND</code>
                              <code>NH</code>
                              <code>NU</code>
                              <code>RB</code>
                            </valid_codes>
                          </element>
                          <element xid="SVC01-02">
                            <data_ele>234</data_ele>
                            <name>Service Identification Code</name>
                            <usage>R</usage>
                            <seq>02</seq>
                          </element>
                          <element xid="SVC01-03">
                            <data_ele>1339</data_ele>
                            <name>Procedure Modifier</name>
                            <usage>S</usage>
                            <seq>03</seq>
                          </element>
                          <element xid="SVC01-04">
                            <data_ele>1339</data_ele>
                            <name>Procedure Modifier</name>
                            <usage>S</usage>
                            <seq>04</seq>
                          </element>
                          <element xid="SVC01-05">
                            <data_ele>1339</data_ele>
                            <name>Procedure Modifier</name>
                            <usage>S</usage>
                            <seq>05</seq>
                          </element>
                          <element xid="SVC01-06">
                            <data_ele>1339</data_ele>
                            <name>Procedure Modifier</name>
                            <usage>S</usage>
                            <seq>06</seq>
                          </element>
                          <element xid="SVC01-07">
                            <data_ele>352</data_ele>
                            <name>Description</name>
                            <usage>N</usage>
                            <seq>07</seq>
                          </element>
                        </composite>
                        <element xid="SVC02">
                          <data_ele>782</data_ele>
                          <name>Line Item Charge Amount</name>
                          <usage>R</usage>
                          <seq>02</seq>
                        </element>
                        <element xid="SVC03">
                          <data_ele>782</data_ele>
                          <name>Monetary Amount</name>
                          <usage>N</usage>
                          <seq>03</seq>
                        </element>
                        <element xid="SVC04">
                          <data_ele>234</data_ele>
                          <name>Revenue Code</name>
                          <usage>S</usage>
                          <seq>04</seq>
                        </element>
                        <element xid="SVC05">
                          <data_ele>380</data_ele>
                          <name>Quantity</name>
                          <usage>N</usage>
                          <seq>05</seq>
                        </element>
                        <composite>
                          <data_ele>C003</data_ele>
                          <name>Composite Medical Procedure Identifier</name>
                          <usage>N</usage>
                          <seq>06</seq>
                        </composite>
                        <element xid="SVC07">
                          <data_ele>380</data_ele>
                          <name>Original Units of Service Count</name>
                          <usage>S</usage>
                          <seq>07</seq>
                        </element>
                      </segment>
<!--End of SVC segment-->
                      <segment xid="REF">
                        <name>Service Line Item Identification</name>
                        <usage>S</usage>
                        <pos>140</pos>
                        <max_use>1</max_use>
                        <element xid="REF01">
                          <data_ele>128</data_ele>
                          <name>Reference Identification Qualifier</name>
                          <usage>R</usage>
                          <seq>01</seq>
                          <valid_codes>
                            <code>FJ</code>
                          </valid_codes>
                        </element>
                        <element xid="REF02">
                          <data_ele>127</data_ele>
                          <name>Line Item Control Number</name>
                          <usage>R</usage>
                          <seq>02</seq>
                        </element>
                        <element xid="REF03">
                          <data_ele>352</data_ele>
                          <name>Description</name>
                          <usage>N</usage>
                          <seq>03</seq>
                        </element>
                        <composite>
                          <data_ele>C040</data_ele>
                          <name>Reference Identifier</name>
                          <usage>N</usage>
                          <seq>04</seq>
                        </composite>
                      </segment>
<!--End of REF segment-->
                      <segment xid="DTP">
                        <name>Service Line Date</name>
                        <usage>R</usage>
                        <pos>150</pos>
                        <max_use>1</max_use>
                        <element xid="DTP01">
                          <data_ele>374</data_ele>
                          <name>Date Time Qualifier</name>
                          <usage>R</usage>
                          <seq>01</seq>
                          <valid_codes>
                            <code>472</code>
                          </valid_codes>
                        </element>
                        <element xid="DTP02">
                          <data_ele>1250</data_ele>
                          <name>Date Time Period Format Qualifier</name>
                          <usage>R</usage>
                          <seq>02</seq>
                          <valid_codes>
                            <code>RD8</code>
                          </valid_codes>
                        </element>
                        <element xid="DTP03">
                          <data_ele>1251</data_ele>
                          <name>Service Line Date</name>
                          <usage>R</usage>
                          <seq>03</seq>
                        </element>
                      </segment>
<!--End of DTP segment-->
                    </loop>
<!--End of 2210D loop-->
                  </loop>
<!--End of 2200D loop-->
                  <loop xid="2000E">
                    <name>Dependent Level</name>
                    <usage>S</usage>
                    <pos>100</pos>
                    <repeat>&gt;1</repeat>
                    <segment xid="HL">
                      <name>Dependent Level</name>
                      <usage>R</usage>
                      <pos>010</pos>
                      <max_use>1</max_use>
                      <element xid="HL01">
                        <data_ele>628</data_ele>
                        <name>Hierarchical ID Number</name>
                        <usage>R</usage>
                        <seq>01</seq>
                      </element>
                      <element xid="HL02">
                        <data_ele>734</data_ele>
                        <name>Hierarchical Parent ID Number</name>
                        <usage>R</usage>
                        <seq>02</seq>
                      </element>
                      <element xid="HL03">
                        <data_ele>735</data_ele>
                        <name>Hierarchical Level Code</name>
                        <usage>R</usage>
                        <seq>03</seq>
                        <valid_codes>
                          <code>23</code>
                        </valid_codes>
                      </element>
                      <element xid="HL04">
                        <data_ele>736</data_ele>
                        <name>Hierarchical Child Code</name>
                        <usage>N</usage>
                        <seq>04</seq>
                      </element>
                    </segment>
<!--End of HL segment-->
                    <segment xid="DMG">
                      <name>Dependent Demographic Information</name>
                      <usage>R</usage>
                      <pos>040</pos>
                      <max_use>1</max_use>
                      <element xid="DMG01">
                        <data_ele>1250</data_ele>
                        <name>Date Time Period Format Qualifier</name>
                        <usage>R</usage>
                        <seq>01</seq>
                        <valid_codes>
                          <code>D8</code>
                        </valid_codes>
                      </element>
                      <element xid="DMG02">
                        <data_ele>1251</data_ele>
                        <name>Patient Birth Date</name>
                        <usage>R</usage>
                        <seq>02</seq>
                      </element>
                      <element xid="DMG03">
                        <data_ele>1068</data_ele>
                        <name>Patient Gender Code</name>
                        <usage>R</usage>
                        <seq>03</seq>
                        <valid_codes>
                          <code>F</code>
                          <code>M</code>
                          <code>U</code>
                        </valid_codes>
                      </element>
                      <element xid="DMG04">
                        <data_ele>1067</data_ele>
                        <name>Marital Status Code</name>
                        <usage>N</usage>
                        <seq>04</seq>
                      </element>
                      <element xid="DMG05">
                        <data_ele>1109</data_ele>
                        <name>Race or Ethnicity Code</name>
                        <usage>N</usage>
                        <seq>05</seq>
                      </element>
                      <element xid="DMG06">
                        <data_ele>1066</data_ele>
                        <name>Citizenship Status Code</name>
                        <usage>N</usage>
                        <seq>06</seq>
                      </element>
                      <element xid="DMG07">
                        <data_ele>26</data_ele>
                        <name>Country Code</name>
                        <usage>N</usage>
                        <seq>07</seq>
                      </element>
                      <element xid="DMG08">
                        <data_ele>659</data_ele>
                        <name>Basis of Verification Code</name>
                        <usage>N</usage>
                        <seq>08</seq>
                      </element>
                      <element xid="DMG09">
                        <data_ele>380</data_ele>
                        <name>Quantity</name>
                        <usage>N</usage>
                        <seq>09</seq>
                      </element>
                    </segment>
<!--End of DMG segment-->
                    <loop xid="2100E">
                      <name>Dependent Name</name>
                      <usage>R</usage>
                      <pos>050</pos>
                      <repeat>1</repeat>
                      <segment xid="NM1">
                        <name>Dependent Name</name>
                        <usage>R</usage>
                        <pos>050</pos>
                        <max_use>1</max_use>
                        <element xid="NM101">
                          <data_ele>98</data_ele>
                          <name>Entity Identifier Code</name>
                          <usage>R</usage>
                          <seq>01</seq>
                          <valid_codes>
                            <code>QC</code>
                          </valid_codes>
                        </element>
                        <element xid="NM102">
                          <data_ele>1065</data_ele>
                          <name>Entity Type Qualifier</name>
                          <usage>R</usage>
                          <seq>02</seq>
                          <valid_codes>
                            <code>1</code>
                          </valid_codes>
                        </element>
                        <element xid="NM103">
                          <data_ele>1035</data_ele>
                          <name>Patient Last Name</name>
                          <usage>R</usage>
                          <seq>03</seq>
                        </element>
                        <element xid="NM104">
                          <data_ele>1036</data_ele>
                          <name>Patient First Name</name>
                          <usage>S</usage>
                          <seq>04</seq>
                        </element>
                        <element xid="NM105">
                          <data_ele>1037</data_ele>
                          <name>Patient Middle Name</name>
                          <usage>S</usage>
                          <seq>05</seq>
                        </element>
                        <element xid="NM106">
                          <data_ele>1038</data_ele>
                          <name>Patient Name Prefix</name>
                          <usage>S</usage>
                          <seq>06</seq>
                        </element>
                        <element xid="NM107">
                          <data_ele>1039</data_ele>
                          <name>Patient Name Suffix</name>
                          <usage>S</usage>
                          <seq>07</seq>
                        </element>
                        <element xid="NM108">
                          <data_ele>66</data_ele>
                          <name>Identification Code Qualifier</name>
                          <usage>S</usage>
                          <seq>08</seq>
                          <valid_codes>
                            <code>MI</code>
                            <code>ZZ</code>
                          </valid_codes>
                        </element>
                        <element xid="NM109">
                          <data_ele>67</data_ele>
                          <name>Patient Primary Identifier</name>
                          <usage>S</usage>
                          <seq>09</seq>
                        </element>
                        <element xid="NM110">
                          <data_ele>706</data_ele>
                          <name>Entity Relationship Code</name>
                          <usage>N</usage>
                          <seq>10</seq>
                        </element>
                        <element xid="NM111">
                          <data_ele>98</data_ele>
                          <name>Entity Identifier Code</name>
                          <usage>N</usage>
                          <seq>11</seq>
                        </element>
                      </segment>
<!--End of NM1 segment-->
                    </loop>
<!--End of 2100E loop-->
                    <loop xid="2200E">
                      <name>Claim Submitter Trace Number</name>
                      <usage>R</usage>
                      <pos>090</pos>
                      <repeat>&gt;1</repeat>
                      <segment xid="TRN">
                        <name>Claim Submitter Trace Number</name>
                        <usage>R</usage>
                        <pos>090</pos>
                        <max_use>1</max_use>
                        <element xid="TRN01">
                          <data_ele>481</data_ele>
                          <name>Trace Type Code</name>
                          <usage>R</usage>
                          <seq>01</seq>
                          <valid_codes>
                            <code>1</code>
                          </valid_codes>
                        </element>
                        <element xid="TRN02">
                          <data_ele>127</data_ele>
                          <name>Trace Number</name>
                          <usage>R</usage>
                          <seq>02</seq>
                        </element>
                        <element xid="TRN03">
                          <data_ele>509</data_ele>
                          <name>Originating Company Identifier</name>
                          <usage>N</usage>
                          <seq>03</seq>
                        </element>
                        <element xid="TRN04">
                          <data_ele>127</data_ele>
                          <name>Reference Identification</name>
                          <usage>N</usage>
                          <seq>04</seq>
                        </element>
                      </segment>
<!--End of TRN segment-->
                      <segment xid="REF">
                        <name>Payer Claim Identification Number</name>
                        <usage>S</usage>
                        <pos>100</pos>
                        <max_use>1</max_use>
                        <element xid="REF01">
                          <data_ele>128</data_ele>
                          <name>Reference Identification Qualifier</name>
                          <usage>R</usage>
                          <seq>01</seq>
                          <valid_codes>
                            <code>1K</code>
                          </valid_codes>
                        </element>
                        <element xid="REF02">
                          <data_ele>127</data_ele>
                          <name>Payer Claim Control Number</name>
                          <usage>R</usage>
                          <seq>02</seq>
                        </element>
                        <element xid="REF03">
                          <data_ele>352</data_ele>
                          <name>Description</name>
                          <usage>N</usage>
                          <seq>03</seq>
                        </element>
                        <composite>
                          <data_ele>C040</data_ele>
                          <name>Reference Identifier</name>
                          <usage>N</usage>
                          <seq>04</seq>
                        </composite>
                      </segment>
<!--End of REF segment-->
                      <segment xid="REF">
                        <name>Institutional Bill Type Identification</name>
                        <usage>S</usage>
                        <pos>100</pos>
                        <max_use>1</max_use>
                        <element xid="REF01">
                          <data_ele>128</data_ele>
                          <name>Reference Identification Qualifier</name>
                          <usage>R</usage>
                          <seq>01</seq>
                          <valid_codes>
                            <code>BLT</code>
                          </valid_codes>
                        </element>
                        <element xid="REF02">
                          <data_ele>127</data_ele>
                          <name>Bill Type Identifier</name>
                          <usage>R</usage>
                          <seq>02</seq>
                        </element>
                        <element xid="REF03">
                          <data_ele>352</data_ele>
                          <name>Description</name>
                          <usage>N</usage>
                          <seq>03</seq>
                        </element>
                        <composite>
                          <data_ele>C040</data_ele>
                          <name>Reference Identifier</name>
                          <usage>N</usage>
                          <seq>04</seq>
                        </composite>
                      </segment>
<!--End of REF segment-->
                      <segment xid="REF">
                        <name>Medical Record Identification</name>
                        <usage>S</usage>
                        <pos>100</pos>
                        <max_use>1</max_use>
                        <element xid="REF01">
                          <data_ele>128</data_ele>
                          <name>Reference Identification Qualifier</name>
                          <usage>R</usage>
                          <seq>01</seq>
                          <valid_codes>
                            <code>EA</code>
                          </valid_codes>
                        </element>
                        <element xid="REF02">
                          <data_ele>127</data_ele>
                          <name>Medical Record Number</name>
                          <usage>R</usage>
                          <seq>02</seq>
                        </element>
                        <element xid="REF03">
                          <data_ele>352</data_ele>
                          <name>Description</name>
                          <usage>N</usage>
                          <seq>03</seq>
                        </element>
                        <composite>
                          <data_ele>C040</data_ele>
                          <name>Reference Identifier</name>
                          <usage>N</usage>
                          <seq>04</seq>
                        </composite>
                      </segment>
<!--End of REF segment-->
                      <segment xid="AMT">
                        <name>Claim Submitted Charges</name>
                        <usage>S</usage>
                        <pos>110</pos>
                        <max_use>1</max_use>
                        <element xid="AMT01">
                          <data_ele>522</data_ele>
                          <name>Amount Qualifier Code</name>
                          <usage>R</usage>
                          <seq>01</seq>
                          <valid_codes>
                            <code>T3</code>
                          </valid_codes>
                        </element>
                        <element xid="AMT02">
                          <data_ele>782</data_ele>
                          <name>Total Claim Charge Amount</name>
                          <usage>R</usage>
                          <seq>02</seq>
                        </element>
                        <element xid="AMT03">
                          <data_ele>478</data_ele>
                          <name>Credit/Debit Flag Code</name>
                          <usage>N</usage>
                          <seq>03</seq>
                        </element>
                      </segment>
<!--End of AMT segment-->
                      <segment xid="DTP">
                        <name>Claim Service Date</name>
                        <usage>S</usage>
                        <pos>120</pos>
                        <max_use>1</max_use>
                        <element xid="DTP01">
                          <data_ele>374</data_ele>
                          <name>Date Time Qualifier</name>
                          <usage>R</usage>
                          <seq>01</seq>
                          <valid_codes>
                            <code>232</code>
                          </valid_codes>
                        </element>
                        <element xid="DTP02">
                          <data_ele>1250</data_ele>
                          <name>Date Time Period Format Qualifier</name>
                          <usage>R</usage>
                          <seq>02</seq>
                          <valid_codes>
                            <code>RD8</code>
                          </valid_codes>
                        </element>
                        <element xid="DTP03">
                          <data_ele>1251</data_ele>
                          <name>Claim Service Period</name>
                          <usage>R</usage>
                          <seq>03</seq>
                        </element>
                      </segment>
<!--End of DTP segment-->
                      <loop xid="2210E">
                        <name>Service Line Information</name>
                        <usage>S</usage>
                        <pos>130</pos>
                        <repeat>&gt;1</repeat>
                        <segment xid="SVC">
                          <name>Service Line Information</name>
                          <usage>R</usage>
                          <pos>130</pos>
                          <max_use>1</max_use>
                          <composite>
                            <data_ele>C003</data_ele>
                            <name>Composite Medical Procedure Identifier</name>
                            <usage>R</usage>
                            <seq>01</seq>
                            <element xid="SVC01-01">
                              <data_ele>235</data_ele>
                              <name>Product or Service ID Qualifier</name>
                              <usage>R</usage>
                              <seq>01</seq>
                              <valid_codes>
                                <code>AD</code>
                                <code>CI</code>
                                <code>HC</code>
                                <code>ID</code>
                                <code>IV</code>
                                <code>N1</code>
                                <code>N2</code>
                                <code>N3</code>
                                <code>N4</code>
                                <code>ND</code>
                                <code>NH</code>
                                <code>NU</code>
                                <code>RB</code>
                              </valid_codes>
                            </element>
                            <element xid="SVC01-02">
                              <data_ele>234</data_ele>
                              <name>Service Identification Code</name>
                              <usage>R</usage>
                              <seq>02</seq>
                            </element>
                            <element xid="SVC01-03">
                              <data_ele>1339</data_ele>
                              <name>Procedure Modifier</name>
                              <usage>S</usage>
                              <seq>03</seq>
                            </element>
                            <element xid="SVC01-04">
                              <data_ele>1339</data_ele>
                              <name>Procedure Modifier</name>
                              <usage>S</usage>
                              <seq>04</seq>
                            </element>
                            <element xid="SVC01-05">
                              <data_ele>1339</data_ele>
                              <name>Procedure Modifier</name>
                              <usage>S</usage>
                              <seq>05</seq>
                            </element>
                            <element xid="SVC01-06">
                              <data_ele>1339</data_ele>
                              <name>Procedure Modifier</name>
                              <usage>S</usage>
                              <seq>06</seq>
                            </element>
                            <element xid="SVC01-07">
                              <data_ele>352</data_ele>
                              <name>Description</name>
                              <usage>N</usage>
                              <seq>07</seq>
                            </element>
                          </composite>
                          <element xid="SVC02">
                            <data_ele>782</data_ele>
                            <name>Line Item Charge Amount</name>
                            <usage>R</usage>
                            <seq>02</seq>
                          </element>
                          <element xid="SVC03">
                            <data_ele>782</data_ele>
                            <name>Monetary Amount</name>
                            <usage>N</usage>
                            <seq>03</seq>
                          </element>
                          <element xid="SVC04">
                            <data_ele>234</data_ele>
                            <name>Revenue Code</name>
                            <usage>S</usage>
                            <seq>04</seq>
                          </element>
                          <element xid="SVC05">
                            <data_ele>380</data_ele>
                            <name>Quantity</name>
                            <usage>N</usage>
                            <seq>05</seq>
                          </element>
                          <composite>
                            <data_ele>C003</data_ele>
                            <name>Composite Medical Procedure Identifier</name>
                            <usage>N</usage>
                            <seq>06</seq>
                          </composite>
                          <element xid="SVC07">
                            <data_ele>380</data_ele>
                            <name>Original Units of Service Count</name>
                            <usage>S</usage>
                            <seq>07</seq>
                          </element>
                        </segment>
<!--End of SVC segment-->
                        <segment xid="REF">
                          <name>Service Line Item Identification</name>
                          <usage>S</usage>
                          <pos>140</pos>
                          <max_use>1</max_use>
                          <element xid="REF01">
                            <data_ele>128</data_ele>
                            <name>Reference Identification Qualifier</name>
                            <usage>R</usage>
                            <seq>01</seq>
                            <valid_codes>
                              <code>FJ</code>
                            </valid_codes>
                          </element>
                          <element xid="REF02">
                            <data_ele>127</data_ele>
                            <name>Line Item Control Number</name>
                            <usage>R</usage>
                            <seq>02</seq>
                          </element>
                          <element xid="REF03">
                            <data_ele>352</data_ele>
                            <name>Description</name>
                            <usage>N</usage>
                            <seq>03</seq>
                          </element>
                          <composite>
                            <data_ele>C040</data_ele>
                            <name>Reference Identifier</name>
                            <usage>N</usage>
                            <seq>04</seq>
                          </composite>
                        </segment>
<!--End of REF segment-->
                        <segment xid="DTP">
                          <name>Service Line Date</name>
                          <usage>S</usage>
                          <pos>150</pos>
                          <max_use>1</max_use>
                          <element xid="DTP01">
                            <data_ele>374</data_ele>
                            <name>Date Time Qualifier</name>
                            <usage>R</usage>
                            <seq>01</seq>
                            <valid_codes>
                              <code>472</code>
                            </valid_codes>
                          </element>
                          <element xid="DTP02">
                            <data_ele>1250</data_ele>
                            <name>Date Time Period Format Qualifier</name>
                            <usage>R</usage>
                            <seq>02</seq>
                            <valid_codes>
                              <code>RD8</code>
                            </valid_codes>
                          </element>
                          <element xid="DTP03">
                            <data_ele>1251</data_ele>
                            <name>Service Date</name>
                            <usage>R</usage>
                            <seq>03</seq>
                          </element>
                        </segment>
<!--End of DTP segment-->
                      </loop>
<!--End of 2210E loop-->
                    </loop>
<!--End of 2200E loop-->
                  </loop>
<!--End of 2000E loop-->
                </loop>
<!--End of 2000D loop-->
              </loop>
<!--End of 2000C loop-->
            </loop>
<!--End of 2000B loop-->
          </loop>
<!--End of 2000A loop-->
        </loop>
<!--End of DETAIL loop-->
        <loop xid="FOOTER" type="wrapper">
          <name>Table 3 - Footer</name>
          <usage>N</usage>
          <pos>030</pos>
          <repeat>1</repeat>
        </loop>
<!--End of FOOTER loop-->
        <segment xid="SE">
          <name>Transaction Set Trailer</name>
          <usage>R</usage>
          <pos>270</pos>
          <max_use>1</max_use>
          <element xid="SE01">
            <data_ele>96</data_ele>
            <name>Transaction Segment Count</name>
            <usage>R</usage>
            <seq>01</seq>
          </element>
          <element xid="SE02">
            <data_ele>329</data_ele>
            <name>Transaction Set Control Number</name>
            <usage>R</usage>
            <seq>02</seq>
          </element>
        </segment>
<!--End of SE segment-->
      </loop>
<!--End of ST loop-->
      <segment xid="GE">
        <name>Functional Group Trailer</name>
        <usage>R</usage>
        <pos>030</pos>
        <max_use>1</max_use>
        <element xid="GE01">
          <data_ele>97</data_ele>
          <name>Number of Transaction Sets Included</name>
          <usage>R</usage>
          <seq>01</seq>
        </element>
        <element xid="GE02">
          <data_ele>28</data_ele>
          <name>Group Control Number</name>
          <usage>R</usage>
          <seq>02</seq>
        </element>
      </segment>
<!--End of GE segment-->
    </loop>
<!--End of GS loop-->
    <segment xid="TA1">
      <name>Interchange Acknowledgement</name>
      <usage>S</usage>
      <pos>020</pos>
      <max_use>1</max_use>
      <element xid="TA101">
        <data_ele>I12</data_ele>
        <name>Interchange Control Number</name>
        <usage>R</usage>
        <seq>01</seq>
      </element>
      <element xid="TA102">
        <data_ele>I08</data_ele>
        <name>Interchange Date</name>
        <usage>R</usage>
        <seq>02</seq>
      </element>
      <element xid="TA103">
        <data_ele>I09</data_ele>
        <name>Interchange Time</name>
        <usage>R</usage>
        <seq>03</seq>
      </element>
      <element xid="TA104">
        <data_ele>I17</data_ele>
        <name>Interchange Acknowledgement Code</name>
        <usage>R</usage>
        <seq>04</seq>
        <valid_codes>
          <code>A</code>
          <code>E</code>
          <code>R</code>
        </valid_codes>
      </element>
      <element xid="TA105">
        <data_ele>I18</data_ele>
        <name>Interchange Note Code</name>
        <usage>R</usage>
        <seq>05</seq>
        <valid_codes>
          <code>000</code>
          <code>001</code>
          <code>002</code>
          <code>003</code>
          <code>004</code>
          <code>005</code>
          <code>006</code>
          <code>007</code>
          <code>008</code>
          <code>009</code>
          <code>010</code>
          <code>011</code>
          <code>012</code>
          <code>013</code>
          <code>014</code>
          <code>015</code>
          <code>016</code>
          <code>017</code>
          <code>018</code>
          <code>019</code>
          <code>020</code>
          <code>021</code>
          <code>022</code>
          <code>023</code>
          <code>024</code>
          <code>025</code>
          <code>026</code>
          <code>027</code>
          <code>028</code>
          <code>029</code>
          <code>030</code>
          <code>031</code>
        </valid_codes>
      </element>
    </segment>
<!--End of TA1 segment-->
    <segment xid="IEA">
      <name>Interchange Control Trailer</name>
      <usage>R</usage>
      <pos>030</pos>
      <max_use>1</max_use>
      <element xid="IEA01">
        <data_ele>I16</data_ele>
        <name>Number of Included Functional Groups</name>
        <usage>R</usage>
        <seq>01</seq>
      </element>
      <element xid="IEA02">
        <data_ele>I12</data_ele>
        <name>Interchange Control Number</name>
        <usage>R</usage>
        <seq>02</seq>
      </element>
    </segment>
<!--End of IEA segment-->
  </loop>
<!--End of ISA loop-->
</transaction>
