<?xml version="1.0"?>
<!-- 
######################################################################
# Copyright (c) 2001-2005 Kalamazoo Community Mental Health Services,
#   John Holland <jholland@kazoocmh.org> <john@zoner.org>
# All rights reserved.
#
# This software is licensed as described in the file LICENSE.txt, which
# you should have received as part of this distribution.
#
######################################################################

#    $Id: 841.4010.XXXC.xml 1055 2007-04-25 20:00:25Z johnholland $
-->
<transaction xid="841">
  <name>HIPAA Related Code Lists</name>
  <loop xid="ISA_LOOP" type="explicit">
    <name>Interchange Control Header</name>
    <usage>R</usage>
    <pos>001</pos>
    <repeat>&gt;1</repeat>
    <segment xid="ISA">
      <name>Interchange Control Header</name>
      <usage>R</usage>
      <pos>010</pos>
      <max_use>1</max_use>
      <element xid="ISA01">
        <data_ele>I01</data_ele>
        <name>Authorization Information Qualifier</name>
        <usage>R</usage>
        <seq>01</seq>
        <valid_codes>
          <code>00</code>
          <code>03</code>
        </valid_codes>
      </element>
      <element xid="ISA02">
        <data_ele>I02</data_ele>
        <name>Authorization Information</name>
        <usage>R</usage>
        <seq>02</seq>
      </element>
      <element xid="ISA03">
        <data_ele>I03</data_ele>
        <name>Security Information Qualifier</name>
        <usage>R</usage>
        <seq>03</seq>
        <valid_codes>
          <code>00</code>
          <code>01</code>
        </valid_codes>
      </element>
      <element xid="ISA04">
        <data_ele>I04</data_ele>
        <name>Security Information</name>
        <usage>R</usage>
        <seq>04</seq>
      </element>
      <element xid="ISA05">
        <data_ele>I05</data_ele>
        <name>Interchange ID Qualifier</name>
        <usage>R</usage>
        <seq>05</seq>
        <valid_codes>
          <code>01</code>
          <code>14</code>
          <code>20</code>
          <code>27</code>
          <code>28</code>
          <code>29</code>
          <code>30</code>
          <code>33</code>
          <code>ZZ</code>
        </valid_codes>
      </element>
      <element xid="ISA06">
        <data_ele>I06</data_ele>
        <name>Interchange Sender ID</name>
        <usage>R</usage>
        <seq>06</seq>
      </element>
      <element xid="ISA07">
        <data_ele>I05</data_ele>
        <name>Interchange ID Qualifier</name>
        <usage>R</usage>
        <seq>07</seq>
        <valid_codes>
          <code>01</code>
          <code>14</code>
          <code>20</code>
          <code>27</code>
          <code>28</code>
          <code>29</code>
          <code>30</code>
          <code>33</code>
          <code>ZZ</code>
        </valid_codes>
      </element>
      <element xid="ISA08">
        <data_ele>I07</data_ele>
        <name>Interchange Receiver ID</name>
        <usage>R</usage>
        <seq>08</seq>
      </element>
      <element xid="ISA09">
        <data_ele>I08</data_ele>
        <name>Interchange Date</name>
        <usage>R</usage>
        <seq>09</seq>
      </element>
      <element xid="ISA10">
        <data_ele>I09</data_ele>
        <name>Interchange Time</name>
        <usage>R</usage>
        <seq>10</seq>
      </element>
      <element xid="ISA11">
        <data_ele>I10</data_ele>
        <name>Interchange Control Standards Identifier</name>
        <usage>R</usage>
        <seq>11</seq>
        <valid_codes>
          <code>U</code>
        </valid_codes>
      </element>
      <element xid="ISA12">
        <data_ele>I11</data_ele>
        <name>Interchange Control Version Number</name>
        <usage>R</usage>
        <seq>12</seq>
        <valid_codes>
          <code>00401</code>
        </valid_codes>
      </element>
      <element xid="ISA13">
        <data_ele>I12</data_ele>
        <name>Interchange Control Number</name>
        <usage>R</usage>
        <seq>13</seq>
      </element>
      <element xid="ISA14">
        <data_ele>I13</data_ele>
        <name>Acknowledgment Requested</name>
        <usage>R</usage>
        <seq>14</seq>
        <valid_codes>
          <code>0</code>
          <code>1</code>
        </valid_codes>
      </element>
      <element xid="ISA15">
        <data_ele>I14</data_ele>
        <name>Usage Indicator</name>
        <usage>R</usage>
        <seq>15</seq>
        <valid_codes>
          <code>P</code>
          <code>T</code>
        </valid_codes>
      </element>
      <element xid="ISA16">
        <data_ele>I15</data_ele>
        <name>Component Element Separator</name>
        <usage>R</usage>
        <seq>16</seq>
      </element>
    </segment>
<!--End of ISA segment-->
    <loop xid="GS_LOOP" type="explicit">
      <name>Functional Group Header</name>
      <usage>R</usage>
      <pos>020</pos>
      <repeat>&gt;1</repeat>
      <segment xid="GS">
        <name>Functional Group Header</name>
        <usage>R</usage>
        <pos>010</pos>
        <max_use>1</max_use>
        <element xid="GS01">
          <data_ele>479</data_ele>
          <name>Functional Identifier Code</name>
          <usage>R</usage>
          <seq>01</seq>
          <valid_codes>
            <code>SP</code>
          </valid_codes>
        </element>
        <element xid="GS02">
          <data_ele>142</data_ele>
          <name>Application Sender's Code</name>
          <usage>R</usage>
          <seq>02</seq>
        </element>
        <element xid="GS03">
          <data_ele>124</data_ele>
          <name>Application Receiver's Code</name>
          <usage>R</usage>
          <seq>03</seq>
        </element>
        <element xid="GS04">
          <data_ele>373</data_ele>
          <name>Date</name>
          <usage>R</usage>
          <seq>04</seq>
        </element>
        <element xid="GS05">
          <data_ele>337</data_ele>
          <name>Time</name>
          <usage>R</usage>
          <seq>05</seq>
        </element>
        <element xid="GS06">
          <data_ele>28</data_ele>
          <name>Group Control Number</name>
          <usage>R</usage>
          <seq>06</seq>
        </element>
        <element xid="GS07">
          <data_ele>455</data_ele>
          <name>Responsible Agency Code</name>
          <usage>R</usage>
          <seq>07</seq>
          <valid_codes>
            <code>X</code>
          </valid_codes>
        </element>
        <element xid="GS08">
          <data_ele>480</data_ele>
          <name>Version / Release / Industry Identifier Code</name>
          <usage>R</usage>
          <seq>08</seq>
          <valid_codes>
            <code>004010XXXC</code>
          </valid_codes>
        </element>
      </segment>
<!--End of GS segment-->
      <loop xid="ST_LOOP" type="explicit">
        <name>Transaction Set Header</name>
        <usage>R</usage>
        <pos>020</pos>
        <repeat>&gt;1</repeat>
        <segment xid="ST">
          <name>Transaction Set Header</name>
          <usage>R</usage>
          <pos>005</pos>
          <max_use>1</max_use>
          <element xid="ST01">
            <data_ele>143</data_ele>
            <name>Transaction Set Identifier Code</name>
            <usage>R</usage>
            <seq>01</seq>
            <valid_codes>
              <code>841</code>
            </valid_codes>
          </element>
          <element xid="ST02">
            <data_ele>329</data_ele>
            <name>Transaction Set Control Number</name>
            <usage>R</usage>
            <seq>02</seq>
          </element>
        </segment>
<!--End of ST segment-->
        <loop xid="HEADER" type="wrapper">
          <name>Table 1 - Header</name>
          <usage>R</usage>
          <pos>010</pos>
          <repeat>1</repeat>
          <loop xid="1000">
            <name>Code List</name>
            <usage>R</usage>
            <pos>010</pos>
            <repeat>&gt;1</repeat>
            <segment xid="SPI">
              <name>Code List</name>
              <usage>R</usage>
              <pos>020</pos>
              <max_use>1</max_use>
              <syntax>P0203</syntax>
              <element xid="SPI01">
                <data_ele>786</data_ele>
                <name>Security Level Code</name>
                <usage>R</usage>
                <seq>01</seq>
                <valid_codes>
                  <code>00</code>
                </valid_codes>
              </element>
              <element xid="SPI02">
                <data_ele>128</data_ele>
                <name>Reference Identification Qualifier</name>
                <usage>N</usage>
                <seq>02</seq>
              </element>
              <element xid="SPI03">
                <data_ele>127</data_ele>
                <name>Reference Identification</name>
                <usage>N</usage>
                <seq>03</seq>
              </element>
              <element xid="SPI04">
                <data_ele>790</data_ele>
                <name>Entity Title</name>
                <usage>R</usage>
                <seq>04</seq>
              </element>
              <element xid="SPI05">
                <data_ele>791</data_ele>
                <name>Entity Purpose</name>
                <usage>R</usage>
                <seq>05</seq>
              </element>
              <element xid="SPI06">
                <data_ele>792</data_ele>
                <name>Entity Status Code</name>
                <usage>N</usage>
                <seq>06</seq>
              </element>
              <element xid="SPI07">
                <data_ele>353</data_ele>
                <name>Transaction Set Purpose Code</name>
                <usage>N</usage>
                <seq>07</seq>
              </element>
              <element xid="SPI08">
                <data_ele>755</data_ele>
                <name>Report Type Code</name>
                <usage>N</usage>
                <seq>08</seq>
              </element>
              <element xid="SPI09">
                <data_ele>786</data_ele>
                <name>Security Level Code</name>
                <usage>N</usage>
                <seq>09</seq>
              </element>
              <element xid="SPI10">
                <data_ele>559</data_ele>
                <name>Agency Qualifier Code</name>
                <usage>N</usage>
                <seq>10</seq>
              </element>
              <element xid="SPI11">
                <data_ele>822</data_ele>
                <name>Source Subqualifier</name>
                <usage>N</usage>
                <seq>11</seq>
              </element>
              <element xid="SPI12">
                <data_ele>554</data_ele>
                <name>Assigned Number</name>
                <usage>N</usage>
                <seq>12</seq>
              </element>
              <element xid="SPI13">
                <data_ele>1322</data_ele>
                <name>Certification Type Code</name>
                <usage>N</usage>
                <seq>13</seq>
              </element>
              <element xid="SPI14">
                <data_ele>1401</data_ele>
                <name>Proposal Data Detail Identifier Code</name>
                <usage>N</usage>
                <seq>14</seq>
              </element>
              <element xid="SPI15">
                <data_ele>1005</data_ele>
                <name>Heirarchal Structure Code</name>
                <usage>N</usage>
                <seq>15</seq>
              </element>
            </segment>
<!--End of SPI segment-->
            <segment xid="RDT">
              <name>Release Date</name>
              <usage>R</usage>
              <pos>030</pos>
              <max_use>&gt;1</max_use>
              <syntax>C0102</syntax>
              <syntax>L030405</syntax>
              <syntax>C0605</syntax>
              <element xid="RDT01">
                <data_ele>795</data_ele>
                <name>Revision Level Code</name>
                <usage>N</usage>
                <seq>01</seq>
              </element>
              <element xid="RDT02">
                <data_ele>796</data_ele>
                <name>Revision Value</name>
                <usage>N</usage>
                <seq>02</seq>
              </element>
              <element xid="RDT03">
                <data_ele>374</data_ele>
                <name>Date/Time Qualifier</name>
                <usage>R</usage>
                <seq>03</seq>
                <valid_codes>
                  <code>171</code>
                </valid_codes>
              </element>
              <element xid="RDT04">
                <data_ele>373</data_ele>
                <name>Date</name>
                <usage>R</usage>
                <seq>04</seq>
              </element>
              <element xid="RDT05">
                <data_ele>337</data_ele>
                <name>Time</name>
                <usage>N</usage>
                <seq>05</seq>
              </element>
              <element xid="RDT06">
                <data_ele>623</data_ele>
                <name>Time Code</name>
                <usage>N</usage>
                <seq>06</seq>
              </element>
            </segment>
<!--End of RDT segment-->
            <segment xid="RDT">
              <name>Effective Date</name>
              <usage>S</usage>
              <pos>030</pos>
              <max_use>1</max_use>
              <syntax>C0102</syntax>
              <syntax>L030405</syntax>
              <syntax>C0605</syntax>
              <element xid="RDT01">
                <data_ele>795</data_ele>
                <name>Revision Level Code</name>
                <usage>N</usage>
                <seq>01</seq>
              </element>
              <element xid="RDT02">
                <data_ele>796</data_ele>
                <name>Revision Value</name>
                <usage>N</usage>
                <seq>02</seq>
              </element>
              <element xid="RDT03">
                <data_ele>374</data_ele>
                <name>Date/Time Qualifier</name>
                <usage>R</usage>
                <seq>03</seq>
                <valid_codes>
                  <code>007</code>
                </valid_codes>
              </element>
              <element xid="RDT04">
                <data_ele>373</data_ele>
                <name>Date</name>
                <usage>R</usage>
                <seq>04</seq>
              </element>
              <element xid="RDT05">
                <data_ele>337</data_ele>
                <name>Time</name>
                <usage>N</usage>
                <seq>05</seq>
              </element>
              <element xid="RDT06">
                <data_ele>623</data_ele>
                <name>Time Code</name>
                <usage>N</usage>
                <seq>06</seq>
              </element>
            </segment>
<!--End of RDT segment-->
            <loop xid="1100">
              <name>Code List Source</name>
              <usage>R</usage>
              <pos>010</pos>
              <repeat>&gt;1</repeat>
              <segment xid="N1">
                <name>Code List Source</name>
                <usage>S</usage>
                <pos>120</pos>
                <max_use>1</max_use>
                <syntax>R0203</syntax>
                <syntax>P0304</syntax>
                <element xid="N101">
                  <data_ele>98</data_ele>
                  <name>Entity Identifier Code</name>
                  <usage>R</usage>
                  <seq>01</seq>
                  <valid_codes>
                    <code>0F</code>
                  </valid_codes>
                </element>
                <element xid="N102">
                  <data_ele>93</data_ele>
                  <name>Name</name>
                  <usage>R</usage>
                  <seq>02</seq>
                </element>
                <element xid="N103">
                  <data_ele>66</data_ele>
                  <name>Identification Code Qualifier</name>
                  <usage>N</usage>
                  <seq>03</seq>
                </element>
                <element xid="N104">
                  <data_ele>67</data_ele>
                  <name>Identification Code</name>
                  <usage>N</usage>
                  <seq>04</seq>
                </element>
                <element xid="N105">
                  <data_ele>706</data_ele>
                  <name>Entity Relationship Code</name>
                  <usage>N</usage>
                  <seq>05</seq>
                </element>
                <element xid="N106">
                  <data_ele>98</data_ele>
                  <name>Entity Identifier Code</name>
                  <usage>N</usage>
                  <seq>06</seq>
                </element>
              </segment>
<!--End of N1 segment-->
            </loop>
<!--End of 1100 loop-->
          </loop>
<!--End of 1000 loop-->
        </loop>
<!--End of HEADER loop-->
        <loop xid="DETAIL" type="wrapper">
          <name>Table 2 - Detail</name>
          <usage>S</usage>
          <pos>020</pos>
          <repeat>&gt;1</repeat>
          <loop xid="2000">
            <name>Code List Header</name>
            <usage>R</usage>
            <pos>010</pos>
            <repeat>&gt;1</repeat>
            <segment xid="HL">
              <name>Code List Header</name>
              <usage>R</usage>
              <pos>010</pos>
              <max_use>1</max_use>
              <element xid="HL01">
                <data_ele>628</data_ele>
                <name>Hierarchical ID Number</name>
                <usage>R</usage>
                <seq>01</seq>
                <valid_codes>
                  <code>1</code>
                </valid_codes>
              </element>
              <element xid="HL02">
                <data_ele>734</data_ele>
                <name>Hierarchical Parent ID Number</name>
                <usage>N</usage>
                <seq>02</seq>
              </element>
              <element xid="HL03">
                <data_ele>735</data_ele>
                <name>Hierarchical Level Code</name>
                <usage>R</usage>
                <seq>03</seq>
                <valid_codes>
                  <code>I</code>
                </valid_codes>
              </element>
              <element xid="HL04">
                <data_ele>736</data_ele>
                <name>Hierarchical Child Code</name>
                <usage>N</usage>
                <seq>04</seq>
              </element>
            </segment>
<!--End of HL segment-->
            <loop xid="2100">
              <name>Code List Value and Definition</name>
              <usage>R</usage>
              <pos>010</pos>
              <repeat>&gt;1</repeat>
              <segment xid="SPI">
                <name>Code List Value and Definition</name>
                <usage>R</usage>
                <pos>020</pos>
                <max_use>1</max_use>
                <syntax>P0203</syntax>
                <element xid="SPI01">
                  <data_ele>786</data_ele>
                  <name>Security Level Code</name>
                  <usage>R</usage>
                  <seq>01</seq>
                  <valid_codes>
                    <code>00</code>
                  </valid_codes>
                </element>
                <element xid="SPI02">
                  <data_ele>128</data_ele>
                  <name>Reference Identification Qualifier</name>
                  <usage>R</usage>
                  <seq>02</seq>
                  <valid_codes>
                    <code>ZZ</code>
                  </valid_codes>
                </element>
                <element xid="SPI03">
                  <data_ele>127</data_ele>
                  <name>Reference Identification</name>
                  <usage>R</usage>
                  <seq>03</seq>
                </element>
                <element xid="SPI04">
                  <data_ele>790</data_ele>
                  <name>Entity Title</name>
                  <usage>R</usage>
                  <seq>04</seq>
                </element>
                <element xid="SPI05">
                  <data_ele>791</data_ele>
                  <name>Entity Purpose</name>
                  <usage>N</usage>
                  <seq>05</seq>
                </element>
                <element xid="SPI06">
                  <data_ele>792</data_ele>
                  <name>Entity Status Code</name>
                  <usage>N</usage>
                  <seq>06</seq>
                </element>
                <element xid="SPI07">
                  <data_ele>353</data_ele>
                  <name>Transaction Set Purpose Code</name>
                  <usage>N</usage>
                  <seq>07</seq>
                </element>
                <element xid="SPI08">
                  <data_ele>755</data_ele>
                  <name>Report Type Code</name>
                  <usage>N</usage>
                  <seq>08</seq>
                </element>
                <element xid="SPI09">
                  <data_ele>786</data_ele>
                  <name>Security Level Code</name>
                  <usage>N</usage>
                  <seq>09</seq>
                </element>
                <element xid="SPI10">
                  <data_ele>559</data_ele>
                  <name>Agency Qualifier Code</name>
                  <usage>N</usage>
                  <seq>10</seq>
                </element>
                <element xid="SPI11">
                  <data_ele>822</data_ele>
                  <name>Source Subqualifier</name>
                  <usage>N</usage>
                  <seq>11</seq>
                </element>
                <element xid="SPI12">
                  <data_ele>554</data_ele>
                  <name>Assigned Number</name>
                  <usage>N</usage>
                  <seq>12</seq>
                </element>
                <element xid="SPI13">
                  <data_ele>1322</data_ele>
                  <name>Certification Type Code</name>
                  <usage>N</usage>
                  <seq>13</seq>
                </element>
                <element xid="SPI14">
                  <data_ele>1401</data_ele>
                  <name>Proposal Data Detail Identifier Code</name>
                  <usage>N</usage>
                  <seq>14</seq>
                </element>
                <element xid="SPI15">
                  <data_ele>1005</data_ele>
                  <name>Heirarchal Structure Code</name>
                  <usage>N</usage>
                  <seq>15</seq>
                </element>
              </segment>
<!--End of SPI segment-->
              <segment xid="MSG">
                <name>Additional Text</name>
                <usage>S</usage>
                <pos>050</pos>
                <max_use>&gt;1</max_use>
                <syntax>C0302</syntax>
                <element xid="MSG01">
                  <data_ele>933</data_ele>
                  <name>Free-Form Text Message</name>
                  <usage>R</usage>
                  <seq>01</seq>
                </element>
                <element xid="MSG02">
                  <data_ele>934</data_ele>
                  <name>Printer Carriage Control Code</name>
                  <usage>N</usage>
                  <seq>02</seq>
                </element>
                <element xid="MSG03">
                  <data_ele>1470</data_ele>
                  <name>Number</name>
                  <usage>N</usage>
                  <seq>03</seq>
                </element>
              </segment>
<!--End of MSG segment-->
            </loop>
<!--End of 2100 loop-->
          </loop>
<!--End of 2000 loop-->
        </loop>
<!--End of DETAIL loop-->
        <loop xid="FOOTER" type="wrapper">
          <name>Table 3 - Footer</name>
          <usage>N</usage>
          <pos>030</pos>
          <repeat>1</repeat>
        </loop>
<!--End of FOOTER loop-->
        <segment xid="SE">
          <name>Transaction Set Trailer</name>
          <usage>R</usage>
          <pos>210</pos>
          <max_use>1</max_use>
          <element xid="SE01">
            <data_ele>96</data_ele>
            <name>Transaction Segment Count</name>
            <usage>R</usage>
            <seq>01</seq>
          </element>
          <element xid="SE02">
            <data_ele>329</data_ele>
            <name>Transaction Set Control Number</name>
            <usage>R</usage>
            <seq>02</seq>
          </element>
        </segment>
<!--End of SE segment-->
      </loop>
<!--End of ST loop-->
      <segment xid="GE">
        <name>Functional Group Trailer</name>
        <usage>R</usage>
        <pos>030</pos>
        <max_use>1</max_use>
        <element xid="GE01">
          <data_ele>97</data_ele>
          <name>Number of Transaction Sets Included</name>
          <usage>R</usage>
          <seq>01</seq>
        </element>
        <element xid="GE02">
          <data_ele>28</data_ele>
          <name>Group Control Number</name>
          <usage>R</usage>
          <seq>02</seq>
        </element>
      </segment>
<!--End of GE segment-->
    </loop>
<!--End of GS loop-->
    <segment xid="TA1">
      <name>Interchange Acknowledgement</name>
      <usage>S</usage>
      <pos>020</pos>
      <max_use>1</max_use>
      <element xid="TA101">
        <data_ele>I12</data_ele>
        <name>Interchange Control Number</name>
        <usage>R</usage>
        <seq>01</seq>
      </element>
      <element xid="TA102">
        <data_ele>I08</data_ele>
        <name>Interchange Date</name>
        <usage>R</usage>
        <seq>02</seq>
      </element>
      <element xid="TA103">
        <data_ele>I09</data_ele>
        <name>Interchange Time</name>
        <usage>R</usage>
        <seq>03</seq>
      </element>
      <element xid="TA104">
        <data_ele>I17</data_ele>
        <name>Interchange Acknowledgement Code</name>
        <usage>R</usage>
        <seq>04</seq>
        <valid_codes>
          <code>A</code>
          <code>E</code>
          <code>R</code>
        </valid_codes>
      </element>
      <element xid="TA105">
        <data_ele>I18</data_ele>
        <name>Interchange Note Code</name>
        <usage>R</usage>
        <seq>05</seq>
        <valid_codes>
          <code>000</code>
          <code>001</code>
          <code>002</code>
          <code>003</code>
          <code>004</code>
          <code>005</code>
          <code>006</code>
          <code>007</code>
          <code>008</code>
          <code>009</code>
          <code>010</code>
          <code>011</code>
          <code>012</code>
          <code>013</code>
          <code>014</code>
          <code>015</code>
          <code>016</code>
          <code>017</code>
          <code>018</code>
          <code>019</code>
          <code>020</code>
          <code>021</code>
          <code>022</code>
          <code>023</code>
          <code>024</code>
          <code>025</code>
          <code>026</code>
          <code>027</code>
          <code>028</code>
          <code>029</code>
          <code>030</code>
          <code>031</code>
        </valid_codes>
      </element>
    </segment>
<!--End of TA1 segment-->
    <segment xid="IEA">
      <name>Interchange Control Trailer</name>
      <usage>R</usage>
      <pos>030</pos>
      <max_use>1</max_use>
      <element xid="IEA01">
        <data_ele>I16</data_ele>
        <name>Number of Included Functional Groups</name>
        <usage>R</usage>
        <seq>01</seq>
      </element>
      <element xid="IEA02">
        <data_ele>I12</data_ele>
        <name>Interchange Control Number</name>
        <usage>R</usage>
        <seq>02</seq>
      </element>
    </segment>
<!--End of IEA segment-->
  </loop>
<!--End of ISA loop-->
</transaction>
