<?xml version="1.0" encoding="UTF-8"?>
<!-- 
######################################################################
# Copyright (c) 2001-2007 Kalamazoo Community Mental Health Services,
#   John Holland <jholland@kazoocmh.org> <john@zoner.org>
# All rights reserved.
#
# This software is licensed as described in the file LICENSE.txt, which
# you should have received as part of this distribution.
#
######################################################################

#    $Id: codes.xml 1174 2008-03-27 13:42:27Z johnholland $
-->
<codesets xmlns:xsi="http://www.w3.org/2001/XMLSchema-instance">
  <codeset>
    <id>states</id>
    <name>US State or Province Codes</name>
    <data_ele>156</data_ele>
    <version>
      <id>20020101</id>
      <eff_dte>20000101</eff_dte>
      <code>AA</code>
      <code>AB</code>
      <code>AE</code>
      <code>AK</code>
      <code>AL</code>
      <code>AP</code>
      <code>AR</code>
      <code>AS</code>
      <code>AZ</code>
      <code>BC</code>
      <code>CA</code>
      <code>CO</code>
      <code>CT</code>
      <code>DC</code>
      <code>DE</code>
      <code>FL</code>
      <code>FM</code>
      <code>GA</code>
      <code>GU</code>
      <code>HI</code>
      <code>IA</code>
      <code>ID</code>
      <code>IL</code>
      <code>IN</code>
      <code>KS</code>
      <code>KY</code>
      <code>LA</code>
      <code>MA</code>
      <code>MB</code>
      <code>MD</code>
      <code>ME</code>
      <code>MH</code>
      <code>MI</code>
      <code>MN</code>
      <code>MO</code>
      <code>MP</code>
      <code>MS</code>
      <code>MT</code>
      <code>NB</code>
      <code>NC</code>
      <code>ND</code>
      <code>NE</code>
      <code>NF</code>
      <code>NH</code>
      <code>NJ</code>
      <code>NM</code>
      <code>NS</code>
      <code>NT</code>
      <code>NV</code>
      <code>NY</code>
      <code>OH</code>
      <code>OK</code>
      <code>ON</code>
      <code>OR</code>
      <code>PA</code>
      <code>PE</code>
      <code>PQ</code>
      <code>PR</code>
      <code>RI</code>
      <code>SC</code>
      <code>SD</code>
      <code>SK</code>
      <code>TN</code>
      <code>TX</code>
      <code>UT</code>
      <code>VA</code>
      <code>VI</code>
      <code>VT</code>
      <code>WA</code>
      <code>WI</code>
      <code>WV</code>
      <code>WY</code>
      <code>YT</code>
    </version>
  </codeset>
  <codeset>
    <id>country</id>
    <name>Country Codes</name>
    <data_ele>26</data_ele>
    <version>
      <id>20000101</id>
      <eff_dte>20000101</eff_dte>
      <code>AF</code>
      <code>AL</code>
      <code>DZ</code>
      <code>AS</code>
      <code>AD</code>
      <code>AO</code>
      <code>AI</code>
      <code>AQ</code>
      <code>AG</code>
      <code>AR</code>
      <code>AM</code>
      <code>AW</code>
      <code>AU</code>
      <code>AT</code>
      <code>AZ</code>
      <code>BS</code>
      <code>BH</code>
      <code>BD</code>
      <code>BB</code>
      <code>BY</code>
      <code>BE</code>
      <code>BZ</code>
      <code>BJ</code>
      <code>BM</code>
      <code>BT</code>
      <code>BO</code>
      <code>BA</code>
      <code>BW</code>
      <code>BV</code>
      <code>BR</code>
      <code>IO</code>
      <code>BN</code>
      <code>BG</code>
      <code>BF</code>
      <code>BI</code>
      <code>KH</code>
      <code>CM</code>
      <code>CA</code>
      <code>CV</code>
      <code>KY</code>
      <code>CF</code>
      <code>TD</code>
      <code>CL</code>
      <code>CN</code>
      <code>CX</code>
      <code>CC</code>
      <code>CO</code>
      <code>KM</code>
      <code>CG</code>
      <code>CD</code>
      <code>CK</code>
      <code>CR</code>
      <code>CI</code>
      <code>HR</code>
      <code>CU</code>
      <code>CY</code>
      <code>CZ</code>
      <code>DK</code>
      <code>DJ</code>
      <code>DM</code>
      <code>DO</code>
      <code>TP</code>
      <code>EC</code>
      <code>EG</code>
      <code>SV</code>
      <code>GQ</code>
      <code>ER</code>
      <code>EE</code>
      <code>ET</code>
      <code>FK</code>
      <code>FO</code>
      <code>FJ</code>
      <code>FI</code>
      <code>FR</code>
      <code>GF</code>
      <code>PF</code>
      <code>TF</code>
      <code>GA</code>
      <code>GM</code>
      <code>GE</code>
      <code>DE</code>
      <code>GH</code>
      <code>GI</code>
      <code>GR</code>
      <code>GL</code>
      <code>GD</code>
      <code>GP</code>
      <code>GU</code>
      <code>GT</code>
      <code>GN</code>
      <code>GW</code>
      <code>GY</code>
      <code>HT</code>
      <code>HM</code>
      <code>VA</code>
      <code>HN</code>
      <code>HK</code>
      <code>HU</code>
      <code>IS</code>
      <code>IN</code>
      <code>ID</code>
      <code>IR</code>
      <code>IQ</code>
      <code>IE</code>
      <code>IL</code>
      <code>IT</code>
      <code>JM</code>
      <code>JP</code>
      <code>JO</code>
      <code>KZ</code>
      <code>KE</code>
      <code>KI</code>
      <code>KP</code>
      <code>KR</code>
      <code>KW</code>
      <code>KG</code>
      <code>LA</code>
      <code>LV</code>
      <code>LB</code>
      <code>LS</code>
      <code>LR</code>
      <code>LY</code>
      <code>LI</code>
      <code>LT</code>
      <code>LU</code>
      <code>MO</code>
      <code>MK</code>
      <code>MG</code>
      <code>MW</code>
      <code>MY</code>
      <code>MV</code>
      <code>ML</code>
      <code>MT</code>
      <code>MH</code>
      <code>MQ</code>
      <code>MR</code>
      <code>MU</code>
      <code>YT</code>
      <code>MX</code>
      <code>FM</code>
      <code>MD</code>
      <code>MC</code>
      <code>MN</code>
      <code>MS</code>
      <code>MA</code>
      <code>MZ</code>
      <code>MM</code>
      <code>NA</code>
      <code>NR</code>
      <code>NP</code>
      <code>NL</code>
      <code>AN</code>
      <code>NC</code>
      <code>NZ</code>
      <code>NI</code>
      <code>NE</code>
      <code>NG</code>
      <code>NU</code>
      <code>NF</code>
      <code>MP</code>
      <code>NO</code>
      <code>OM</code>
      <code>PK</code>
      <code>PW</code>
      <code>PS</code>
      <code>PA</code>
      <code>PG</code>
      <code>PY</code>
      <code>PE</code>
      <code>PH</code>
      <code>PN</code>
      <code>PL</code>
      <code>PT</code>
      <code>PR</code>
      <code>QA</code>
      <code>RE</code>
      <code>RO</code>
      <code>RU</code>
      <code>RW</code>
      <code>SH</code>
      <code>KN</code>
      <code>LC</code>
      <code>PM</code>
      <code>VC</code>
      <code>WS</code>
      <code>SM</code>
      <code>ST</code>
      <code>SA</code>
      <code>SN</code>
      <code>SC</code>
      <code>SL</code>
      <code>SG</code>
      <code>SK</code>
      <code>SI</code>
      <code>SB</code>
      <code>SO</code>
      <code>ZA</code>
      <code>GS</code>
      <code>ES</code>
      <code>LK</code>
      <code>SD</code>
      <code>SR</code>
      <code>SJ</code>
      <code>SZ</code>
      <code>SE</code>
      <code>CH</code>
      <code>SY</code>
      <code>TW</code>
      <code>TJ</code>
      <code>TZ</code>
      <code>TH</code>
      <code>TG</code>
      <code>TK</code>
      <code>TO</code>
      <code>TT</code>
      <code>TN</code>
      <code>TR</code>
      <code>TM</code>
      <code>TC</code>
      <code>TV</code>
      <code>UG</code>
      <code>UA</code>
      <code>AE</code>
      <code>GB</code>
      <code>US</code>
      <code>UM</code>
      <code>UY</code>
      <code>UZ</code>
      <code>VU</code>
      <code>VE</code>
      <code>VN</code>
      <code>VG</code>
      <code>VI</code>
      <code>WF</code>
      <code>EH</code>
      <code>YE</code>
      <code>YU</code>
      <code>ZM</code>
      <code>ZW</code>
    </version>
  </codeset>
  <codeset>
    <id>currency</id>
    <name>Currency Code</name>
    <data_ele>100</data_ele>
    <version>
      <id>20000101</id>
      <eff_dte>20000101</eff_dte>
      <code>ADP</code>
      <code>AED</code>
      <code>AFA</code>
      <code>ALL</code>
      <code>ANG</code>
      <code>AOK</code>
      <code>ARA</code>
      <code>ATS</code>
      <code>AUD</code>
      <code>AWG</code>
      <code>BBD</code>
      <code>BDT</code>
      <code>BEF</code>
      <code>BGL</code>
      <code>BHD</code>
      <code>BIF</code>
      <code>BMD</code>
      <code>BND</code>
      <code>BOB</code>
      <code>BRC</code>
      <code>BSD</code>
      <code>BTN</code>
      <code>BUK</code>
      <code>BWP</code>
      <code>BZD</code>
      <code>CAD</code>
      <code>CHF</code>
      <code>CLF</code>
      <code>CLP</code>
      <code>CNY</code>
      <code>COP</code>
      <code>CRC</code>
      <code>CSK</code>
      <code>CUP</code>
      <code>CVE</code>
      <code>CYP</code>
      <code>DDM</code>
      <code>DEM</code>
      <code>DJF</code>
      <code>DKK</code>
      <code>DOP</code>
      <code>DZD</code>
      <code>ECS</code>
      <code>EGP</code>
      <code>ESP</code>
      <code>ETB</code>
      <code>EUR</code>
      <code>FIM</code>
      <code>FJD</code>
      <code>FKP</code>
      <code>FRF</code>
      <code>GBP</code>
      <code>GHC</code>
      <code>GIP</code>
      <code>GMD</code>
      <code>GNF</code>
      <code>GRD</code>
      <code>GTQ</code>
      <code>GWP</code>
      <code>GYD</code>
      <code>HKD</code>
      <code>HNL</code>
      <code>HTG</code>
      <code>HUF</code>
      <code>IDR</code>
      <code>IEP</code>
      <code>ILS</code>
      <code>INR</code>
      <code>IQD</code>
      <code>IRR</code>
      <code>ISK</code>
      <code>ITL</code>
      <code>JMD</code>
      <code>JOD</code>
      <code>JPY</code>
      <code>KES</code>
      <code>KHR</code>
      <code>KMF</code>
      <code>KPW</code>
      <code>KRW</code>
      <code>KWD</code>
      <code>KYD</code>
      <code>LAK</code>
      <code>LBP</code>
      <code>LKR</code>
      <code>LRD</code>
      <code>LSL</code>
      <code>LUF</code>
      <code>LYD</code>
      <code>MAD</code>
      <code>MGF</code>
      <code>MNT</code>
      <code>MOP</code>
      <code>MRO</code>
      <code>MTL</code>
      <code>MUR</code>
      <code>MVR</code>
      <code>MWK</code>
      <code>MXP</code>
      <code>MYR</code>
      <code>MZM</code>
      <code>NGN</code>
      <code>NIC</code>
      <code>NLG</code>
      <code>NOK</code>
      <code>NPR</code>
      <code>NZD</code>
      <code>OMR</code>
      <code>PAB</code>
      <code>PEI</code>
      <code>PGK</code>
      <code>PHP</code>
      <code>PKR</code>
      <code>PLZ</code>
      <code>PTE</code>
      <code>PYG</code>
      <code>QAR</code>
      <code>ROL</code>
      <code>RWF</code>
      <code>SAR</code>
      <code>SBD</code>
      <code>SCR</code>
      <code>SDP</code>
      <code>SEK</code>
      <code>SGD</code>
      <code>SHP</code>
      <code>SLL</code>
      <code>SOS</code>
      <code>SRG</code>
      <code>STD</code>
      <code>SUR</code>
      <code>SVC</code>
      <code>SYP</code>
      <code>SZL</code>
      <code>THB</code>
      <code>TND</code>
      <code>TOP</code>
      <code>TPE</code>
      <code>TRL</code>
      <code>TTD</code>
      <code>TWD</code>
      <code>TZS</code>
      <code>UGS</code>
      <code>USD</code>
      <code>UYP</code>
      <code>VEB</code>
      <code>VND</code>
      <code>VUV</code>
      <code>WST</code>
      <code>YDD</code>
      <code>YER</code>
      <code>YUD</code>
      <code>ZAR</code>
      <code>ZMK</code>
      <code>ZRZ</code>
      <code>ZWD</code>
    </version>
  </codeset>
  <codeset>
    <id>entity_id</id>
    <name>Entity Identifier Code</name>
    <version>
      <id>20000101</id>
      <eff_dte>20000101</eff_dte>
      <code>13</code>
      <code>17</code>
      <code>1E</code>
      <code>1G</code>
      <code>1H</code>
      <code>1I</code>
      <code>1O</code>
      <code>1P</code>
      <code>1Q</code>
      <code>1R</code>
      <code>1S</code>
      <code>1T</code>
      <code>1U</code>
      <code>1V</code>
      <code>1W</code>
      <code>1X</code>
      <code>1Y</code>
      <code>1Z</code>
      <code>28</code>
      <code>2A</code>
      <code>2B</code>
      <code>2E</code>
      <code>2I</code>
      <code>2K</code>
      <code>2P</code>
      <code>2Q</code>
      <code>2S</code>
      <code>2Z</code>
      <code>30</code>
      <code>36</code>
      <code>3A</code>
      <code>3C</code>
      <code>3D</code>
      <code>3E</code>
      <code>3F</code>
      <code>3G</code>
      <code>3H</code>
      <code>3I</code>
      <code>3J</code>
      <code>3K</code>
      <code>3L</code>
      <code>3M</code>
      <code>3N</code>
      <code>3O</code>
      <code>3P</code>
      <code>3Q</code>
      <code>3R</code>
      <code>3S</code>
      <code>3T</code>
      <code>3U</code>
      <code>3V</code>
      <code>3W</code>
      <code>3X</code>
      <code>3Y</code>
      <code>3Z</code>
      <code>40</code>
      <code>43</code>
      <code>44</code>
      <code>4A</code>
      <code>4B</code>
      <code>4C</code>
      <code>4D</code>
      <code>4E</code>
      <code>4F</code>
      <code>4G</code>
      <code>4H</code>
      <code>4I</code>
      <code>4J</code>
      <code>4L</code>
      <code>4M</code>
      <code>4N</code>
      <code>4O</code>
      <code>4P</code>
      <code>4Q</code>
      <code>4R</code>
      <code>4S</code>
      <code>4U</code>
      <code>4V</code>
      <code>4W</code>
      <code>4X</code>
      <code>4Y</code>
      <code>4Z</code>
      <code>5A</code>
      <code>5B</code>
      <code>5C</code>
      <code>5D</code>
      <code>5E</code>
      <code>5F</code>
      <code>5G</code>
      <code>5H</code>
      <code>5I</code>
      <code>5J</code>
      <code>5K</code>
      <code>5L</code>
      <code>5M</code>
      <code>5N</code>
      <code>5O</code>
      <code>5P</code>
      <code>5Q</code>
      <code>5R</code>
      <code>5S</code>
      <code>5T</code>
      <code>5U</code>
      <code>5V</code>
      <code>5W</code>
      <code>5X</code>
      <code>5Y</code>
      <code>5Z</code>
      <code>61</code>
      <code>6A</code>
      <code>6B</code>
      <code>6C</code>
      <code>6D</code>
      <code>6E</code>
      <code>6F</code>
      <code>6G</code>
      <code>6H</code>
      <code>6I</code>
      <code>6J</code>
      <code>6K</code>
      <code>6L</code>
      <code>6M</code>
      <code>6N</code>
      <code>6O</code>
      <code>6P</code>
      <code>6Q</code>
      <code>6R</code>
      <code>6S</code>
      <code>6U</code>
      <code>6V</code>
      <code>6W</code>
      <code>6X</code>
      <code>6Y</code>
      <code>71</code>
      <code>72</code>
      <code>73</code>
      <code>74</code>
      <code>77</code>
      <code>7C</code>
      <code>80</code>
      <code>82</code>
      <code>84</code>
      <code>85</code>
      <code>87</code>
      <code>95</code>
      <code>CK</code>
      <code>CZ</code>
      <code>D2</code>
      <code>DD</code>
      <code>DJ</code>
      <code>DK</code>
      <code>DN</code>
      <code>DO</code>
      <code>DQ</code>
      <code>E1</code>
      <code>E2</code>
      <code>E7</code>
      <code>E9</code>
      <code>FA</code>
      <code>FD</code>
      <code>FE</code>
      <code>G0</code>
      <code>G3</code>
      <code>GB</code>
      <code>GD</code>
      <code>GI</code>
      <code>GJ</code>
      <code>GK</code>
      <code>GM</code>
      <code>GY</code>
      <code>HF</code>
      <code>HH</code>
      <code>I3</code>
      <code>IJ</code>
      <code>IL</code>
      <code>IN</code>
      <code>LI</code>
      <code>LR</code>
      <code>MR</code>
      <code>OB</code>
      <code>OD</code>
      <code>OX</code>
      <code>P0</code>
      <code>P2</code>
      <code>P3</code>
      <code>P4</code>
      <code>P6</code>
      <code>P7</code>
      <code>PT</code>
      <code>PV</code>
      <code>PW</code>
      <code>QA</code>
      <code>QB</code>
      <code>QC</code>
      <code>QD</code>
      <code>QE</code>
      <code>QH</code>
      <code>QK</code>
      <code>QL</code>
      <code>QN</code>
      <code>QO</code>
      <code>QS</code>
      <code>QV</code>
      <code>QY</code>
      <code>RC</code>
      <code>RW</code>
      <code>S4</code>
      <code>SJ</code>
      <code>SU</code>
      <code>T4</code>
      <code>TQ</code>
      <code>TT</code>
      <code>TU</code>
      <code>UH</code>
      <code>X3</code>
      <code>X4</code>
      <code>X5</code>
      <code>ZZ</code>
    </version>
  </codeset>
  <codeset>
    <id>adjustment_reason</id>
    <name>Adjustment Reason Code</name>
    <data_ele>1034</data_ele>
    <version>
      <id>20000101</id>
      <eff_dte>20000101</eff_dte>
      <code>1</code>
      <code>2</code>
      <code>3</code>
      <code>4</code>
      <code>5</code>
      <code>6</code>
      <code>7</code>
      <code>8</code>
      <code>9</code>
      <code>10</code>
      <code>11</code>
      <code>12</code>
      <code>13</code>
      <code>14</code>
      <code>15</code>
      <code>16</code>
      <code>17</code>
      <code>18</code>
      <code>19</code>
      <code>20</code>
      <code>21</code>
      <code>22</code>
      <code>23</code>
      <code>24</code>
      <code>25</code>
      <code>26</code>
      <code>27</code>
      <code>28</code>
      <code>29</code>
      <code>30</code>
      <code>31</code>
      <code>32</code>
      <code>33</code>
      <code>34</code>
      <code>35</code>
      <code>36</code>
      <code>37</code>
      <code>38</code>
      <code>39</code>
      <code>40</code>
      <code>41</code>
      <code>42</code>
      <code>43</code>
      <code>44</code>
      <code>45</code>
      <code>46</code>
      <code>47</code>
      <code>48</code>
      <code>49</code>
      <code>50</code>
      <code>51</code>
      <code>52</code>
      <code>53</code>
      <code>54</code>
      <code>55</code>
      <code>56</code>
      <code>57</code>
      <code>58</code>
      <code>59</code>
      <code>60</code>
      <code>61</code>
      <code>62</code>
      <code>63</code>
      <code>64</code>
      <code>65</code>
      <code>66</code>
      <code>67</code>
      <code>68</code>
      <code>69</code>
      <code>70</code>
      <code>71</code>
      <code>72</code>
      <code>73</code>
      <code>74</code>
      <code>75</code>
      <code>76</code>
      <code>77</code>
      <code>78</code>
      <code>79</code>
      <code>80</code>
      <code>81</code>
      <code>82</code>
      <code>83</code>
      <code>84</code>
      <code>85</code>
      <code>86</code>
      <code>87</code>
      <code>88</code>
      <code>89</code>
      <code>90</code>
      <code>91</code>
      <code>92</code>
      <code>93</code>
      <code>94</code>
      <code>95</code>
      <code>96</code>
      <code>97</code>
      <code>98</code>
      <code>99</code>
      <code>100</code>
      <code>101</code>
      <code>102</code>
      <code>103</code>
      <code>104</code>
      <code>105</code>
      <code>106</code>
      <code>107</code>
      <code>108</code>
      <code>109</code>
      <code>110</code>
      <code>111</code>
      <code>112</code>
      <code>113</code>
      <code>114</code>
      <code>115</code>
      <code>116</code>
      <code>117</code>
      <code>118</code>
      <code>119</code>
      <code>120</code>
      <code>121</code>
      <code>122</code>
      <code>123</code>
      <code>124</code>
      <code>125</code>
      <code>126</code>
      <code>127</code>
      <code>128</code>
      <code>129</code>
      <code>130</code>
      <code>131</code>
      <code>132</code>
      <code>133</code>
      <code>134</code>
      <code>135</code>
      <code>136</code>
      <code>137</code>
      <code>138</code>
      <code>139</code>
      <code>140</code>
      <code>141</code>
      <code>142</code>
      <code>143</code>
      <code>144</code>
      <code>145</code>
      <code>146</code>
      <code>147</code>
      <code>148</code>
      <code>149</code>
      <code>150</code>
      <code>151</code>
      <code>152</code>
      <code>153</code>
      <code>154</code>
      <code>155</code>
      <code>156</code>
      <code>157</code>
      <code>158</code>
      <code>159</code>
      <code>160</code>
      <code>161</code>
      <code>162</code>
      <code>163</code>
      <code>164</code>
      <code>165</code>
      <code>166</code>
      <code>167</code>
      <code>168</code>
      <code>169</code>
      <code>170</code>
      <code>171</code>
      <code>172</code>
      <code>173</code>
      <code>174</code>
      <code>175</code>
      <code>176</code>
      <code>177</code>
      <code>178</code>
      <code>179</code>
      <code>180</code>
      <code>181</code>
      <code>182</code>
      <code>183</code>
      <code>184</code>
      <code>185</code>
      <code>186</code>
      <code>187</code>
      <code>188</code>
      <code>189</code>
      <code>190</code>
      <code>191</code>
      <code>192</code>
      <code>193</code>
      <code>194</code>
      <code>195</code>
      <code>196</code>
      <code>197</code>
      <code>198</code>
      <code>199</code>
      <code>200</code>
      <code>201</code>
      <code>202</code>
      <code>203</code>
      <code>204</code>
      <code>A0</code>
      <code>A1</code>
      <code>A2</code>
      <code>A3</code>
      <code>A4</code>
      <code>A5</code>
      <code>A6</code>
      <code>A7</code>
      <code>A8</code>
      <code>B1</code>
      <code>B2</code>
      <code>B3</code>
      <code>B4</code>
      <code>B5</code>
      <code>B6</code>
      <code>B7</code>
      <code>B8</code>
      <code>B9</code>
      <code>B10</code>
      <code>B11</code>
      <code>B12</code>
      <code>B13</code>
      <code>B14</code>
      <code>B15</code>
      <code>B16</code>
      <code>B17</code>
      <code>B18</code>
      <code>B19</code>
      <code>B20</code>
      <code>B21</code>
      <code>B22</code>
      <code>B23</code>
      <code>D1</code>
      <code>D2</code>
      <code>D3</code>
      <code>D4</code>
      <code>D5</code>
      <code>D6</code>
      <code>D7</code>
      <code>D8</code>
      <code>D9</code>
      <code>D10</code>
      <code>D11</code>
      <code>D12</code>
      <code>D13</code>
      <code>D14</code>
      <code>D15</code>
      <code>D16</code>
      <code>D17</code>
      <code>D18</code>
      <code>D19</code>
      <code>D20</code>
      <code>D21</code>
      <code>W1</code>
    </version>
  </codeset>
  <codeset>
    <id>remark_code</id>
    <name>Remark Code</name>
    <data_ele>127</data_ele>
    <version>
      <id>20000101</id>
      <eff_dte>20000101</eff_dte>
      <code>M1</code>
      <code>M2</code>
      <code>M3</code>
      <code>M4</code>
      <code>M5</code>
      <code>M6</code>
      <code>M7</code>
      <code>M8</code>
      <code>M9</code>
      <code>M10</code>
      <code>M11</code>
      <code>M12</code>
      <code>M13</code>
      <code>M14</code>
      <code>M15</code>
      <code>M16</code>
      <code>M17</code>
      <code>M18</code>
      <code>M19</code>
      <code>M20</code>
      <code>M21</code>
      <code>M22</code>
      <code>M23</code>
      <code>M24</code>
      <code>M25</code>
      <code>M26</code>
      <code>M27</code>
      <code>M28</code>
      <code>M29</code>
      <code>M30</code>
      <code>M31</code>
      <code>M32</code>
      <code>M33</code>
      <code>M34</code>
      <code>M35</code>
      <code>M36</code>
      <code>M37</code>
      <code>M38</code>
      <code>M39</code>
      <code>M40</code>
      <code>M41</code>
      <code>M42</code>
      <code>M43</code>
      <code>M44</code>
      <code>M45</code>
      <code>M46</code>
      <code>M47</code>
      <code>M48</code>
      <code>M49</code>
      <code>M50</code>
      <code>M51</code>
      <code>M52</code>
      <code>M53</code>
      <code>M54</code>
      <code>M55</code>
      <code>M56</code>
      <code>M57</code>
      <code>M58</code>
      <code>M59</code>
      <code>M60</code>
      <code>M61</code>
      <code>M62</code>
      <code>M63</code>
      <code>M64</code>
      <code>M65</code>
      <code>M66</code>
      <code>M67</code>
      <code>M68</code>
      <code>M69</code>
      <code>M70</code>
      <code>M71</code>
      <code>M72</code>
      <code>M73</code>
      <code>M74</code>
      <code>M75</code>
      <code>M76</code>
      <code>M77</code>
      <code>M78</code>
      <code>M79</code>
      <code>M80</code>
      <code>M81</code>
      <code>M82</code>
      <code>M83</code>
      <code>M84</code>
      <code>M85</code>
      <code>M86</code>
      <code>M87</code>
      <code>M88</code>
      <code>M89</code>
      <code>M90</code>
      <code>M91</code>
      <code>M92</code>
      <code>M93</code>
      <code>M94</code>
      <code>M95</code>
      <code>M96</code>
      <code>M97</code>
      <code>M98</code>
      <code>M99</code>
      <code>M100</code>
      <code>M101</code>
      <code>M102</code>
      <code>M103</code>
      <code>M104</code>
      <code>M105</code>
      <code>M106</code>
      <code>M107</code>
      <code>M108</code>
      <code>M109</code>
      <code>M110</code>
      <code>M111</code>
      <code>M112</code>
      <code>M113</code>
      <code>M114</code>
      <code>M115</code>
      <code>M116</code>
      <code>M117</code>
      <code>M118</code>
      <code>M119</code>
      <code>M120</code>
      <code>M121</code>
      <code>M122</code>
      <code>M123</code>
      <code>M124</code>
      <code>M125</code>
      <code>M126</code>
      <code>M127</code>
      <code>M128</code>
      <code>M129</code>
      <code>M130</code>
      <code>M131</code>
      <code>M132</code>
      <code>M133</code>
      <code>M134</code>
      <code>M135</code>
      <code>M136</code>
      <code>M137</code>
      <code>M138</code>
      <code>M139</code>
      <code>M140</code>
      <code>M141</code>
      <code>M142</code>
      <code>M143</code>
      <code>M144</code>
      <code>MA01</code>
      <code>MA02</code>
      <code>MA03</code>
      <code>MA04</code>
      <code>MA05</code>
      <code>MA06</code>
      <code>MA07</code>
      <code>MA08</code>
      <code>MA09</code>
      <code>MA10</code>
      <code>MA11</code>
      <code>MA13</code>
      <code>MA14</code>
      <code>MA16</code>
      <code>MA17</code>
      <code>MA18</code>
      <code>MA19</code>
      <code>MA25</code>
      <code>MA29</code>
      <code>MA30</code>
      <code>MA31</code>
      <code>MA32</code>
      <code>MA33</code>
      <code>MA34</code>
      <code>MA35</code>
      <code>MA36</code>
      <code>MA37</code>
      <code>MA38</code>
      <code>MA40</code>
      <code>MA41</code>
      <code>MA42</code>
      <code>MA43</code>
      <code>MA44</code>
      <code>MA45</code>
      <code>MA47</code>
      <code>MA48</code>
      <code>MA49</code>
      <code>MA50</code>
      <code>MA51</code>
      <code>MA52</code>
      <code>MA53</code>
      <code>MA54</code>
      <code>MA55</code>
      <code>MA56</code>
      <code>MA57</code>
      <code>MA58</code>
      <code>MA59</code>
      <code>MA60</code>
      <code>MA61</code>
      <code>MA62</code>
      <code>MA63</code>
      <code>MA64</code>
      <code>MA65</code>
      <code>MA66</code>
      <code>MA67</code>
      <code>MA68</code>
      <code>MA69</code>
      <code>MA70</code>
      <code>MA71</code>
      <code>MA72</code>
      <code>MA73</code>
      <code>MA74</code>
      <code>MA75</code>
      <code>MA76</code>
      <code>MA77</code>
      <code>MA78</code>
      <code>MA79</code>
      <code>MA80</code>
      <code>MA81</code>
      <code>MA82</code>
      <code>MA83</code>
      <code>MA84</code>
      <code>MA85</code>
      <code>MA86</code>
      <code>MA87</code>
      <code>MA88</code>
      <code>MA89</code>
      <code>MA90</code>
      <code>MA92</code>
      <code>MA93</code>
      <code>MA94</code>
      <code>MA95</code>
      <code>MA96</code>
      <code>MA97</code>
      <code>MA98</code>
      <code>MA99</code>
      <code>MA100</code>
      <code>MA101</code>
      <code>MA102</code>
      <code>MA103</code>
      <code>MA104</code>
      <code>MA105</code>
      <code>MA106</code>
      <code>MA107</code>
      <code>MA108</code>
      <code>MA109</code>
      <code>MA110</code>
      <code>MA111</code>
      <code>MA112</code>
      <code>MA113</code>
      <code>MA114</code>
      <code>MA115</code>
      <code>MA116</code>
      <code>MA117</code>
      <code>MA118</code>
      <code>MA119</code>
      <code>MA120</code>
      <code>MA121</code>
      <code>MA122</code>
      <code>MA123</code>
      <code>MA124</code>
      <code>MA125</code>
      <code>MA126</code>
      <code>MA128</code>
      <code>MA129</code>
      <code>MA130</code>
      <code>MA131</code>
      <code>MA132</code>
      <code>MA133</code>
      <code>MA134</code>
      <code>N1</code>
      <code>N2</code>
      <code>N3</code>
      <code>N4</code>
      <code>N5</code>
      <code>N6</code>
      <code>N7</code>
      <code>N8</code>
      <code>N9</code>
      <code>N10</code>
      <code>N11</code>
      <code>N12</code>
      <code>N13</code>
      <code>N14</code>
      <code>N15</code>
      <code>N16</code>
      <code>N17</code>
      <code>N18</code>
      <code>N19</code>
      <code>N20</code>
      <code>N21</code>
      <code>N22</code>
      <code>N23</code>
      <code>N24</code>
      <code>N25</code>
      <code>N26</code>
      <code>N27</code>
      <code>N28</code>
      <code>N29</code>
      <code>N30</code>
      <code>N31</code>
      <code>N32</code>
      <code>N33</code>
      <code>N34</code>
      <code>N35</code>
      <code>N36</code>
      <code>N37</code>
      <code>N38</code>
      <code>N39</code>
      <code>N40</code>
      <code>N41</code>
      <code>N42</code>
      <code>N43</code>
      <code>N44</code>
      <code>N45</code>
      <code>N46</code>
      <code>N47</code>
      <code>N48</code>
      <code>N49</code>
      <code>N50</code>
      <code>N51</code>
      <code>N52</code>
      <code>N53</code>
      <code>N54</code>
      <code>N55</code>
      <code>N56</code>
      <code>N57</code>
      <code>N58</code>
      <code>N59</code>
      <code>N60</code>
      <code>N61</code>
      <code>N62</code>
      <code>N63</code>
      <code>N64</code>
      <code>N65</code>
      <code>N66</code>
      <code>N67</code>
      <code>N68</code>
      <code>N69</code>
      <code>N70</code>
      <code>N71</code>
      <code>N72</code>
      <code>N73</code>
      <code>N74</code>
      <code>N75</code>
      <code>N76</code>
      <code>N77</code>
      <code>N78</code>
      <code>N79</code>
      <code>N80</code>
      <code>N81</code>
      <code>N82</code>
      <code>N83</code>
      <code>N84</code>
      <code>N85</code>
      <code>N86</code>
      <code>N87</code>
      <code>N88</code>
      <code>N89</code>
      <code>N90</code>
      <code>N91</code>
      <code>N92</code>
      <code>N93</code>
      <code>N94</code>
    </version>
  </codeset>
  <codeset>
    <id>service_type</id>
    <name>Service Type Code</name>
    <version>
      <id>20000101</id>
      <eff_dte>20000101</eff_dte>
      <code>1</code>
      <code>2</code>
      <code>3</code>
      <code>4</code>
      <code>5</code>
      <code>6</code>
      <code>7</code>
      <code>8</code>
      <code>9</code>
      <code>10</code>
      <code>11</code>
      <code>12</code>
      <code>13</code>
      <code>14</code>
      <code>15</code>
      <code>16</code>
      <code>17</code>
      <code>18</code>
      <code>19</code>
      <code>20</code>
      <code>21</code>
      <code>22</code>
      <code>23</code>
      <code>24</code>
      <code>25</code>
      <code>26</code>
      <code>27</code>
      <code>28</code>
      <code>30</code>
      <code>32</code>
      <code>33</code>
      <code>34</code>
      <code>35</code>
      <code>36</code>
      <code>37</code>
      <code>38</code>
      <code>39</code>
      <code>40</code>
      <code>41</code>
      <code>42</code>
      <code>43</code>
      <code>44</code>
      <code>45</code>
      <code>46</code>
      <code>47</code>
      <code>48</code>
      <code>49</code>
      <code>50</code>
      <code>51</code>
      <code>52</code>
      <code>53</code>
      <code>54</code>
      <code>55</code>
      <code>56</code>
      <code>57</code>
      <code>58</code>
      <code>59</code>
      <code>60</code>
      <code>61</code>
      <code>62</code>
      <code>63</code>
      <code>64</code>
      <code>65</code>
      <code>66</code>
      <code>67</code>
      <code>68</code>
      <code>69</code>
      <code>70</code>
      <code>71</code>
      <code>72</code>
      <code>73</code>
      <code>74</code>
      <code>75</code>
      <code>76</code>
      <code>7</code>
      <code>78</code>
      <code>79</code>
      <code>80</code>
      <code>81</code>
      <code>82</code>
      <code>83</code>
      <code>84</code>
      <code>85</code>
      <code>86</code>
      <code>87</code>
      <code>88</code>
      <code>89</code>
      <code>90</code>
      <code>91</code>
      <code>92</code>
      <code>93</code>
      <code>94</code>
      <code>95</code>
      <code>96</code>
      <code>97</code>
      <code>98</code>
      <code>99</code>
      <code>A0</code>
      <code>A1</code>
      <code>A2</code>
      <code>A3</code>
      <code>A4</code>
      <code>A5</code>
      <code>A6</code>
      <code>A7</code>
      <code>A8</code>
      <code>A9</code>
      <code>AA</code>
      <code>AB</code>
      <code>AC</code>
      <code>AD</code>
      <code>AE</code>
      <code>AF</code>
      <code>AG</code>
      <code>AH</code>
      <code>AI</code>
      <code>AJ</code>
      <code>AK</code>
      <code>AL</code>
      <code>AM</code>
      <code>AN</code>
      <code>AO</code>
      <code>AQ</code>
      <code>AR</code>
      <code>BA</code>
      <code>BB</code>
      <code>BC</code>
      <code>BD</code>
      <code>BE</code>
      <code>BF</code>
      <code>BG</code>
      <code>BH</code>
      <code>BI</code>
      <code>BJ</code>
      <code>BK</code>
      <code>BL</code>
      <code>BM</code>
      <code>BN</code>
      <code>BP</code>
      <code>BQ</code>
      <code>BR</code>
      <code>BS</code>
    </version>
  </codeset>
  <codeset>
    <id>claim_status_cat</id>
    <name>Health Care Claim Status Category Code (Code Source 507)</name>
    <data_ele>1271</data_ele>
    <version>
      <id>20000101</id>
      <eff_dte>20000101</eff_dte>
      <code>A0</code>
      <code>A1</code>
      <code>A2</code>
      <code>A3</code>
      <code>A4</code>
      <code>D0</code>
      <code>E0</code>
      <code>E1</code>
      <code>F0</code>
      <code>F1</code>
      <code>F2</code>
      <code>F3</code>
      <code>F3F</code>
      <code>F3N</code>
      <code>F4</code>
      <code>F5</code>
      <code>P0</code>
      <code>P1</code>
      <code>P2</code>
      <code>P3</code>
      <code>P4</code>
      <code>R0</code>
      <code>R1</code>
      <code>R3</code>
      <code>R4</code>
      <code>R5</code>
      <code>RQ</code>
      <code>X0</code>
    </version>
  </codeset>
  <codeset>
    <id>claim_status</id>
    <name>Health Care Claim Status Code (Code Source 508)</name>
    <data_ele>1271</data_ele>
    <version>
      <id>20000101</id>
      <eff_dte>20000101</eff_dte>
      <code>0</code>
      <code>1</code>
      <code>2</code>
      <code>3</code>
      <code>4</code>
      <code>5</code>
      <code>6</code>
      <code>7</code>
      <code>8</code>
      <code>9</code>
      <code>10</code>
      <code>11</code>
      <code>12</code>
      <code>13</code>
      <code>14</code>
      <code>15</code>
      <code>16</code>
      <code>17</code>
      <code>18</code>
      <code>19</code>
      <code>20</code>
      <code>21</code>
      <code>22</code>
      <code>23</code>
      <code>24</code>
      <code>25</code>
      <code>26</code>
      <code>27</code>
      <code>28</code>
      <code>29</code>
      <code>30</code>
      <code>31</code>
      <code>32</code>
      <code>33</code>
      <code>34</code>
      <code>35</code>
      <code>37</code>
      <code>38</code>
      <code>39</code>
      <code>40</code>
      <code>41</code>
      <code>42</code>
      <code>44</code>
      <code>45</code>
      <code>46</code>
      <code>47</code>
      <code>48</code>
      <code>49</code>
      <code>50</code>
      <code>51</code>
      <code>52</code>
      <code>53</code>
      <code>54</code>
      <code>55</code>
      <code>56</code>
      <code>57</code>
      <code>59</code>
      <code>60</code>
      <code>61</code>
      <code>64</code>
      <code>65</code>
      <code>66</code>
      <code>67</code>
      <code>68</code>
      <code>69</code>
      <code>70</code>
      <code>71</code>
      <code>72</code>
      <code>73</code>
      <code>78</code>
      <code>81</code>
      <code>83</code>
      <code>84</code>
      <code>85</code>
      <code>86</code>
      <code>87</code>
      <code>88</code>
      <code>89</code>
      <code>90</code>
      <code>91</code>
      <code>92</code>
      <code>93</code>
      <code>94</code>
      <code>95</code>
      <code>96</code>
      <code>97</code>
      <code>98</code>
      <code>99</code>
      <code>100</code>
      <code>101</code>
      <code>102</code>
      <code>103</code>
      <code>104</code>
      <code>105</code>
      <code>106</code>
      <code>107</code>
      <code>108</code>
      <code>109</code>
      <code>110</code>
      <code>111</code>
      <code>112</code>
      <code>113</code>
      <code>114</code>
      <code>115</code>
      <code>116</code>
      <code>117</code>
      <code>118</code>
      <code>119</code>
      <code>120</code>
      <code>121</code>
      <code>122</code>
      <code>123</code>
      <code>124</code>
      <code>125</code>
      <code>126</code>
      <code>127</code>
      <code>128</code>
      <code>129</code>
      <code>130</code>
      <code>131</code>
      <code>132</code>
      <code>133</code>
      <code>134</code>
      <code>135</code>
      <code>136</code>
      <code>137</code>
      <code>138</code>
      <code>139</code>
      <code>140</code>
      <code>141</code>
      <code>142</code>
      <code>143</code>
      <code>144</code>
      <code>145</code>
      <code>146</code>
      <code>147</code>
      <code>148</code>
      <code>149</code>
      <code>150</code>
      <code>152</code>
      <code>153</code>
      <code>154</code>
      <code>155</code>
      <code>156</code>
      <code>157</code>
      <code>158</code>
      <code>159</code>
      <code>160</code>
      <code>161</code>
      <code>162</code>
      <code>163</code>
      <code>164</code>
      <code>165</code>
      <code>166</code>
      <code>167</code>
      <code>168</code>
      <code>169</code>
      <code>170</code>
      <code>171</code>
      <code>172</code>
      <code>173</code>
      <code>174</code>
      <code>175</code>
      <code>176</code>
      <code>177</code>
      <code>178</code>
      <code>179</code>
      <code>180</code>
      <code>181</code>
      <code>182</code>
      <code>183</code>
      <code>184</code>
      <code>185</code>
      <code>186</code>
      <code>187</code>
      <code>188</code>
      <code>189</code>
      <code>190</code>
      <code>191</code>
      <code>192</code>
      <code>193</code>
      <code>194</code>
      <code>195</code>
      <code>196</code>
      <code>197</code>
      <code>198</code>
      <code>199</code>
      <code>200</code>
      <code>201</code>
      <code>202</code>
      <code>203</code>
      <code>204</code>
      <code>205</code>
      <code>206</code>
      <code>207</code>
      <code>208</code>
      <code>209</code>
      <code>210</code>
      <code>211</code>
      <code>212</code>
      <code>213</code>
      <code>214</code>
      <code>215</code>
      <code>216</code>
      <code>217</code>
      <code>218</code>
      <code>219</code>
      <code>220</code>
      <code>221</code>
      <code>222</code>
      <code>223</code>
      <code>224</code>
      <code>225</code>
      <code>226</code>
      <code>227</code>
      <code>228</code>
      <code>229</code>
      <code>230</code>
      <code>231</code>
      <code>232</code>
      <code>233</code>
      <code>234</code>
      <code>235</code>
      <code>236</code>
      <code>237</code>
      <code>238</code>
      <code>239</code>
      <code>240</code>
      <code>241</code>
      <code>242</code>
      <code>243</code>
      <code>244</code>
      <code>245</code>
      <code>246</code>
      <code>247</code>
      <code>248</code>
      <code>249</code>
      <code>250</code>
      <code>251</code>
      <code>252</code>
      <code>253</code>
      <code>254</code>
      <code>255</code>
      <code>256</code>
      <code>257</code>
      <code>258</code>
      <code>259</code>
      <code>260</code>
      <code>261</code>
      <code>262</code>
      <code>263</code>
      <code>264</code>
      <code>265</code>
      <code>266</code>
      <code>267</code>
      <code>268</code>
      <code>269</code>
      <code>270</code>
      <code>271</code>
      <code>272</code>
      <code>273</code>
      <code>274</code>
      <code>275</code>
      <code>276</code>
      <code>277</code>
      <code>278</code>
      <code>279</code>
      <code>280</code>
      <code>281</code>
      <code>282</code>
      <code>283</code>
      <code>284</code>
      <code>285</code>
      <code>286</code>
      <code>287</code>
      <code>288</code>
      <code>289</code>
      <code>290</code>
      <code>291</code>
      <code>292</code>
      <code>293</code>
      <code>294</code>
      <code>295</code>
      <code>296</code>
      <code>297</code>
      <code>298</code>
      <code>299</code>
      <code>300</code>
      <code>301</code>
      <code>302</code>
      <code>303</code>
      <code>304</code>
      <code>305</code>
      <code>306</code>
      <code>307</code>
      <code>308</code>
      <code>309</code>
      <code>310</code>
      <code>311</code>
      <code>312</code>
      <code>313</code>
      <code>314</code>
      <code>315</code>
      <code>316</code>
      <code>317</code>
      <code>318</code>
      <code>319</code>
      <code>320</code>
      <code>321</code>
      <code>322</code>
      <code>323</code>
      <code>324</code>
      <code>325</code>
      <code>326</code>
      <code>327</code>
      <code>328</code>
      <code>329</code>
      <code>330</code>
      <code>331</code>
      <code>332</code>
      <code>333</code>
      <code>334</code>
      <code>335</code>
      <code>336</code>
      <code>337</code>
      <code>338</code>
      <code>339</code>
      <code>340</code>
      <code>341</code>
      <code>342</code>
      <code>343</code>
      <code>344</code>
      <code>345</code>
      <code>346</code>
      <code>347</code>
      <code>348</code>
      <code>349</code>
      <code>350</code>
      <code>351</code>
      <code>352</code>
      <code>353</code>
      <code>354</code>
      <code>355</code>
      <code>356</code>
      <code>357</code>
      <code>358</code>
      <code>359</code>
      <code>360</code>
      <code>361</code>
      <code>362</code>
      <code>363</code>
      <code>364</code>
      <code>365</code>
      <code>366</code>
      <code>367</code>
      <code>368</code>
      <code>369</code>
      <code>370</code>
      <code>371</code>
      <code>372</code>
      <code>373</code>
      <code>374</code>
      <code>375</code>
      <code>376</code>
      <code>377</code>
      <code>378</code>
      <code>379</code>
      <code>380</code>
      <code>381</code>
      <code>382</code>
      <code>383</code>
      <code>384</code>
      <code>385</code>
      <code>386</code>
      <code>387</code>
      <code>388</code>
      <code>389</code>
      <code>390</code>
      <code>391</code>
      <code>392</code>
      <code>393</code>
      <code>394</code>
      <code>395</code>
      <code>396</code>
      <code>397</code>
      <code>398</code>
      <code>399</code>
      <code>400</code>
      <code>401</code>
      <code>402</code>
      <code>403</code>
      <code>404</code>
      <code>405</code>
      <code>406</code>
      <code>407</code>
      <code>408</code>
      <code>409</code>
      <code>410</code>
      <code>411</code>
      <code>412</code>
      <code>413</code>
      <code>414</code>
      <code>415</code>
      <code>416</code>
      <code>417</code>
      <code>418</code>
      <code>419</code>
      <code>420</code>
      <code>421</code>
      <code>422</code>
      <code>423</code>
      <code>424</code>
      <code>425</code>
      <code>426</code>
      <code>427</code>
      <code>428</code>
      <code>429</code>
      <code>430</code>
      <code>431</code>
      <code>432</code>
      <code>433</code>
      <code>434</code>
      <code>435</code>
      <code>436</code>
      <code>437</code>
      <code>438</code>
      <code>439</code>
      <code>440</code>
      <code>441</code>
      <code>442</code>
      <code>443</code>
      <code>444</code>
      <code>445</code>
      <code>446</code>
      <code>447</code>
      <code>448</code>
      <code>449</code>
      <code>450</code>
      <code>451</code>
      <code>452</code>
      <code>453</code>
      <code>454</code>
      <code>455</code>
      <code>456</code>
      <code>457</code>
      <code>458</code>
      <code>459</code>
      <code>460</code>
      <code>461</code>
      <code>462</code>
      <code>463</code>
      <code>464</code>
      <code>465</code>
      <code>466</code>
      <code>467</code>
      <code>468</code>
      <code>469</code>
      <code>470</code>
      <code>471</code>
      <code>472</code>
      <code>473</code>
      <code>474</code>
      <code>475</code>
      <code>476</code>
      <code>477</code>
      <code>478</code>
      <code>479</code>
      <code>480</code>
      <code>481</code>
      <code>482</code>
      <code>483</code>
      <code>484</code>
      <code>485</code>
      <code>486</code>
    </version>
  </codeset>
  <codeset>
    <id>pos</id>
    <name>Place of Service - code source 237</name>
    <data_ele>1331</data_ele>
    <version>
      <id>20020101</id>
      <eff_dte>20000101</eff_dte>
        <code>01</code>
        <code>03</code>
        <code>04</code>
        <code>05</code>
        <code>06</code>
        <code>07</code>
        <code>08</code>
        <code>09</code>
        <code>11</code>
        <code>12</code>
        <code>13</code>
        <code>14</code>
        <code>15</code>
        <code>16</code>
        <code>20</code>
        <code>21</code>
        <code>22</code>
        <code>23</code>
        <code>24</code>
        <code>25</code>
        <code>26</code>
        <code>31</code>
        <code>32</code>
        <code>33</code>
        <code>34</code>
        <code>41</code>
        <code>42</code>
        <code>49</code>
        <code>50</code>
        <code>51</code>
        <code>52</code>
        <code>53</code>
        <code>54</code>
        <code>55</code>
        <code>56</code>
        <code>57</code>
        <code>60</code>
        <code>61</code>
        <code>62</code>
        <code>65</code>
        <code>71</code>
        <code>72</code>
        <code>81</code>
        <code>99</code>
    </version>
  </codeset>
</codesets>
