<?xml version="1.0" encoding="UTF-8"?>
<!-- 
######################################################################
# Copyright (c) 2001-2007 Kalamazoo Community Mental Health Services,
#   John Holland <jholland@kazoocmh.org> <john@zoner.org>
# All rights reserved.
#
# This software is licensed as described in the file LICENSE.txt, which
# you should have received as part of this distribution.
#
######################################################################

#    $Id: maps.xml 1128 2007-06-26 15:43:36Z johnholland $
-->
<!-- 
Used to identify the map used for a particular Functional Group
icvn - Interchange Control Version Number (ISA12)
fic - Functional Identifier Code (GS01)
vriic - Version / Release / Industry Identifier Code (GS08)
-->
<maps>
  <version icvn="00400">
    <map vriic="004010" fic="PS">830.4010.PS.xml</map>
  </version>
  <version icvn="00401">
    <map vriic="004010X070" fic="HN">277U.4010.X070.xml</map>
    <map vriic="004010X093A1" fic="HR">276.4010.X093.A1.xml</map>
    <map vriic="004010X093A1" fic="HN">277.4010.X093.A1.xml</map>
    <map vriic="004010X092A1" fic="HS">270.4010.X092.A1.xml</map>
    <map vriic="004010X092A1" fic="HB">271.4010.X092.A1.xml</map>
    <map vriic="004010X094A1" fic="HI" tspc="11">278.4010.X094.27.A1.xml</map>
    <map vriic="004010X094A1" fic="HI" tspc="13">278.4010.X094.A1.xml</map>
    <map vriic="004010X061A1" fic="RA">820.4010.X061.A1.xml</map>
    <map vriic="004010X095A1" fic="BE">834.4010.X095.A1.xml</map>
    <map vriic="004010X091A1" fic="HP">835.4010.X091.A1.xml</map>
    <map vriic="004010X096A1" fic="HC">837.4010.X096.A1.xml</map>
    <map vriic="004010X097A1" fic="HC">837.4010.X097.A1.xml</map>
    <map vriic="004010X098A1" fic="HC">837.4010.X098.A1.xml</map>
    <map vriic="004010XXXC" fic="SP">841.4010.XXXC.xml</map>
    <map vriic="004010" fic="FA">997.4010.xml</map>
    <map vriic="004010" fic="PS">830.4010.PS.xml</map>
    <map vriic="" fic="">x12.control.00401.xml</map>
  </version>
</maps>
